# set lib_dir [file join $run_dir coverage_work]
# /home/s23521611/project/mips/mips_school/tb/functional_coverage_run/coverage_work
# if {![file isdirectory $lib_dir]} {vlib $lib_dir}
# set rtl_files [list]
# foreach name {ALU ALUControl Controller DMEM EX_MEM_reg Extender Forwarding HazardDetection ID_EX_reg IF_ID_reg IMEM MEM_WB_reg PC RegisterFile toplevel} {
#     lappend rtl_files [file join $rtl_dir [format "%s.v" $name]]
# }
# eval vlog -work [list $lib_dir] $rtl_files
# QuestaSim-64 vlog 2021.2_1 Compiler 2021.05 May 15 2021
# Start time: 14:59:44 on Oct 09,2026
# vlog -work /home/s23521611/project/mips/mips_school/tb/functional_coverage_run/coverage_work /home/s23521611/project/mips/mips_school/src/ALU.v /home/s23521611/project/mips/mips_school/src/ALUControl.v /home/s23521611/project/mips/mips_school/src/Controller.v /home/s23521611/project/mips/mips_school/src/DMEM.v /home/s23521611/project/mips/mips_school/src/EX_MEM_reg.v /home/s23521611/project/mips/mips_school/src/Extender.v /home/s23521611/project/mips/mips_school/src/Forwarding.v /home/s23521611/project/mips/mips_school/src/HazardDetection.v /home/s23521611/project/mips/mips_school/src/ID_EX_reg.v /home/s23521611/project/mips/mips_school/src/IF_ID_reg.v /home/s23521611/project/mips/mips_school/src/IMEM.v /home/s23521611/project/mips/mips_school/src/MEM_WB_reg.v /home/s23521611/project/mips/mips_school/src/PC.v /home/s23521611/project/mips/mips_school/src/RegisterFile.v /home/s23521611/project/mips/mips_school/src/toplevel.v 
# -- Compiling module ALU
# -- Compiling module ALUControl
# -- Compiling module Controller
# -- Compiling module DMEM
# -- Compiling module EX_MEM_reg
# -- Compiling module Extender
# -- Compiling module Forwarding
# -- Compiling module HazardDetection
# -- Compiling module ID_EX_reg
# -- Compiling module IF_ID_reg
# -- Compiling module IMEM
# -- Compiling module MEM_WB_reg
# -- Compiling module PC
# -- Compiling module RegisterFile
# -- Compiling module toplevel
# 
# Top level modules:
# 	toplevel
# End time: 14:59:44 on Oct 09,2026, Elapsed time: 0:00:00
# Errors: 0, Warnings: 0
# set sv_files [list]
# foreach name {mips_instruction_pkg.sv mips_reference_pkg.sv mips_scoreboard_pkg.sv mips_random_pkg.sv mips_random_memory_pkg.sv mips_random_branch_pkg.sv mips_coverage_pkg.sv tb_mips_scoreboard.sv tb_mips_random_alu.sv tb_mips_random_memory.sv tb_mips_random_branch.sv mips_coverage_monitor.sv tb_mips_coverage.sv tb_mips_coverage_monitor_check.sv} {
#     lappend sv_files [file join $tb_dir $name]
# }
# eval vlog -sv -work [list $lib_dir] $sv_files
# QuestaSim-64 vlog 2021.2_1 Compiler 2021.05 May 15 2021
# Start time: 14:59:44 on Oct 09,2026
# vlog -sv -work /home/s23521611/project/mips/mips_school/tb/functional_coverage_run/coverage_work /home/s23521611/project/mips/mips_school/tb/mips_instruction_pkg.sv /home/s23521611/project/mips/mips_school/tb/mips_reference_pkg.sv /home/s23521611/project/mips/mips_school/tb/mips_scoreboard_pkg.sv /home/s23521611/project/mips/mips_school/tb/mips_random_pkg.sv /home/s23521611/project/mips/mips_school/tb/mips_random_memory_pkg.sv /home/s23521611/project/mips/mips_school/tb/mips_random_branch_pkg.sv /home/s23521611/project/mips/mips_school/tb/mips_coverage_pkg.sv /home/s23521611/project/mips/mips_school/tb/tb_mips_scoreboard.sv /home/s23521611/project/mips/mips_school/tb/tb_mips_random_alu.sv /home/s23521611/project/mips/mips_school/tb/tb_mips_random_memory.sv /home/s23521611/project/mips/mips_school/tb/tb_mips_random_branch.sv /home/s23521611/project/mips/mips_school/tb/mips_coverage_monitor.sv /home/s23521611/project/mips/mips_school/tb/tb_mips_coverage.sv /home/s23521611/project/mips/mips_school/tb/tb_mips_coverage_monitor_check.sv 
# -- Compiling package mips_instruction_pkg
# -- Compiling package mips_reference_pkg
# -- Compiling package mips_scoreboard_pkg
# -- Importing package mips_reference_pkg
# -- Compiling package mips_random_pkg
# -- Importing package mips_instruction_pkg
# -- Compiling package mips_random_memory_pkg
# -- Compiling package mips_random_branch_pkg
# -- Compiling package mips_coverage_pkg
# -- Compiling module tb_mips_scoreboard
# -- Importing package mips_scoreboard_pkg
# -- Compiling module tb_mips_random_alu
# -- Importing package mips_random_pkg
# -- Compiling module tb_mips_random_memory
# -- Importing package mips_random_memory_pkg
# -- Compiling module tb_mips_random_branch
# -- Importing package mips_random_branch_pkg
# -- Compiling module mips_coverage_monitor
# -- Importing package mips_coverage_pkg
# -- Compiling module tb_mips_coverage
# -- Compiling module tb_mips_coverage_monitor_check
# 
# Top level modules:
# 	tb_mips_coverage
# 	tb_mips_coverage_monitor_check
# End time: 14:59:44 on Oct 09,2026, Elapsed time: 0:00:00
# Errors: 0, Warnings: 0
# if {![info exists coverage_seeds]} {set coverage_seeds {1 7 42 2026}}
# if {![info exists coverage_require_full]} {set coverage_require_full 0}
# if {[llength $coverage_seeds] < 1} {error "Supply at least one coverage seed"}
# if {[llength [lsort -unique $coverage_seeds]] != [llength $coverage_seeds]} {error "Coverage seeds must be distinct for unique UCDB test names"}
# if {$coverage_require_full ni {0 1}} {error "coverage_require_full must be 0 or 1"}
# foreach cov_seed $coverage_seeds {
#     if {![string is integer -strict $cov_seed] || $cov_seed < 1 || $cov_seed > 2147483647} {
#         error "Coverage seeds must be positive signed 32-bit integers"
#     }
# }
# set coverage_plan [list \
#     [list instruction_mask {ADDI ANDI ORI SW LW ADD SUB AND OR NOR XOR SLT SLL SRL BEQ BNE J}] \
#     [list immediate_mask {zero one max_positive min_negative all_ones other}] \
#     [list shift_mask {SLL_zero SLL_middle SLL_31 SRL_zero SRL_middle SRL_31}] \
#     [list destination_mask {nonzero r0}] \
#     [list memory_address_mask {LW_first LW_interior LW_last SW_first SW_interior SW_last}] \
#     [list memory_offset_mask {LW_negative LW_zero LW_positive SW_negative SW_zero SW_positive}] \
#     [list load_destination_mask {LW_nonzero LW_r0}] \
#     [list branch_outcome_mask {BEQ_not_taken BEQ_taken BNE_not_taken BNE_taken}] \
#     [list branch_direction_mask {forward_or_zero backward}] \
#     [list jump_mask {accepted cancelled_by_branch}] \
#     [list hazard_mask {load_to_ALU load_to_store_data load_to_branch}] \
#     [list forwarding_mask {A_register_file A_EX_MEM A_MEM_WB B_register_file B_EX_MEM B_MEM_WB}] \
#     [list load_distance_mask {immediate_use one_instruction_gap}]]
# instruction_mask {ADDI ANDI ORI SW LW ADD SUB AND OR NOR XOR SLT SLL SRL BEQ BNE J}
# immediate_mask {zero one max_positive min_negative all_ones other}
# shift_mask {SLL_zero SLL_middle SLL_31 SRL_zero SRL_middle SRL_31}
# destination_mask {nonzero r0}
# memory_address_mask {LW_first LW_interior LW_last SW_first SW_interior SW_last}
# memory_offset_mask {LW_negative LW_zero LW_positive SW_negative SW_zero SW_positive}
# load_destination_mask {LW_nonzero LW_r0}
# branch_outcome_mask {BEQ_not_taken BEQ_taken BNE_not_taken BNE_taken}
# branch_direction_mask {forward_or_zero backward}
# jump_mask {accepted cancelled_by_branch}
# hazard_mask {load_to_ALU load_to_store_data load_to_branch}
# forwarding_mask {A_register_file A_EX_MEM A_MEM_WB B_register_file B_EX_MEM B_MEM_WB}
# load_distance_mask {immediate_use one_instruction_gap}
# array unset coverage_merged
# foreach group $coverage_plan {set coverage_merged([lindex $group 0]) 0}
# set coverage_files [list]
# set coverage_total_runs 0
# 0
# set coverage_total_checks 0
# 0
# set coverage_total_events 0
# 0
# 
# Validate the observer separately; artificial samples are NOT saved or merged.
# vsim -coverage -voptargs=+acc -onfinish stop -lib $lib_dir tb_mips_coverage_monitor_check
# vsim -coverage -voptargs="+acc" -onfinish stop -lib /home/s23521611/project/mips/mips_school/tb/functional_coverage_run/coverage_work tb_mips_coverage_monitor_check 
# Start time: 14:59:44 on Oct 09,2026
# ** Note: (vsim-3812) Design is being optimized...
# Loading sv_std.std
# Loading work.mips_instruction_pkg(fast)
# Loading work.tb_mips_coverage_monitor_check(fast)
# Loading work.mips_coverage_pkg(fast)
# Loading work.mips_coverage_monitor(fast)
# ** Warning: (vsim-8634) Code was not compiled with coverage options.
# onbreak {resume}
# run -all
# COVERAGE MONITOR CHECK PASS: bubbles, r0, cancelled jumps, bounds, load gaps and hazards
# ** Note: $finish    : /home/s23521611/project/mips/mips_school/tb/tb_mips_coverage_monitor_check.sv(106)
#    Time: 106 ns  Iteration: 0  Instance: /tb_mips_coverage_monitor_check
# Break in Module tb_mips_coverage_monitor_check at /home/s23521611/project/mips/mips_school/tb/tb_mips_coverage_monitor_check.sv line 106
# Stopped at /home/s23521611/project/mips/mips_school/tb/tb_mips_coverage_monitor_check.sv line 106
# if {[examine -radix decimal sim:/tb_mips_coverage_monitor_check/test_completed] != 1} {
#     error "Functional coverage monitor self-check did not complete"
# }
# echo "COVERAGE MONITOR SELFTEST PASS: artificial events excluded from CPU coverage"
# COVERAGE MONITOR SELFTEST PASS: artificial events excluded from CPU coverage
# catch {quit -sim}
# End time: 14:59:48 on Oct 09,2026, Elapsed time: 0:00:04
# Errors: 0, Warnings: 1
# 0
# 
# proc cov_get {prefix field} {return [examine -radix decimal $prefix/$field]}
# proc cov_run {family family_name run_name plusargs directed_test} {
#     global lib_dir run_dir coverage_plan coverage_merged coverage_files
#     global coverage_total_runs coverage_total_checks coverage_total_events
#     catch {quit -sim}
#     eval vsim -coverage -voptargs=+acc -onfinish stop -lib [list $lib_dir] -gFAMILY=$family tb_mips_coverage $plusargs
#     onbreak {resume}
#     run -all
#     set native sim:/tb_mips_coverage/$family_name/test
#     set monitor sim:/tb_mips_coverage/monitor
#     set errors [cov_get $native scoreboard_errors]
#     set checks [cov_get $native scoreboard_checks]
#     set words [cov_get $native program_words]
#     set steps [cov_get $native model_steps]
#     set observer_errors [cov_get $monitor monitor_errors]
#     set events [cov_get $monitor sampled_events]
#     if {$family == 0} {
#         set completed [expr {$checks == 293 && [cov_get $native errors] == 0 && [cov_get $native model_errors] == 0}]
#         set signals 0
#         if {[cov_get $native model_checks] != [lindex {33 23 30} $directed_test] ||
#             [cov_get $native encoder_checks] != [lindex {33 22 37} $directed_test] ||
#             $words != [lindex {33 22 37} $directed_test] || $steps != [lindex {33 22 28} $directed_test]} {
#             error "Coverage directed baseline incomplete: $run_name"
#         }
#     } else {
#         set completed [cov_get $native test_completed]
#         set signals [cov_get $native signal_errors]
#         set expected_words [lindex {0 95 127 175} $family]
#         set expected_calls [lindex {0 95 47 43} $family]
#         if {$words != $expected_words || [cov_get $native randomizations] != $expected_calls} {
#             error "Coverage random program incomplete: $run_name"
#         }
#         if {$family < 3 && $steps != $words} {error "Coverage straight-line model incomplete: $run_name"}
#         if {$family == 2 && [cov_get $native loaded_scenarios] != 15} {error "Missing memory scenarios"}
#         if {$family == 3 && ([cov_get $native loaded_scenarios] != 255 || $steps != [cov_get $native expected_steps])} {
#             error "Missing branch scenarios or model steps"
#         }
#     }
#     set required_checks [expr {$family < 2 ? 293 : 295}]
#     echo "COVERAGE RUN RESULT: name=$run_name completed=$completed errors=$errors signal_errors=$signals monitor_errors=$observer_errors checks=$checks sampled_events=$events model_steps=$steps"
#     if {$completed != 1 || $errors != 0 || $signals != 0 || $observer_errors != 0 ||
#         $checks != $required_checks || $events != $steps} {
#         error "Coverage regression or sampling failed: $run_name"
#     }
#     foreach group $coverage_plan {
#         lassign $group field labels
#         set value [cov_get $monitor $field]
#         set maximum [expr {(1 << [llength $labels]) - 1}]
#         if {$value < 0 || $value > $maximum} {error "Invalid coverage mask: $run_name $field=$value"}
#         set coverage_merged($field) [expr {$coverage_merged($field) | $value}]
#     }
#     set database [file join $run_dir ${run_name}.ucdb]
#     coverage save -cvg -testname $run_name $database
#     if {![file exists $database] || [file size $database] == 0} {error "UCDB not saved: $run_name"}
#     lappend coverage_files $database
#     incr coverage_total_runs
#     incr coverage_total_checks $checks
#     incr coverage_total_events $events
#     echo "COVERAGE RUN PASS: $run_name"
# }
# 
# foreach directed_test {0 1 2} {
#     cov_run 0 directed directed_$directed_test [list +TEST=$directed_test] $directed_test
# }
# vsim -coverage -voptargs="+acc" -onfinish stop -lib /home/s23521611/project/mips/mips_school/tb/functional_coverage_run/coverage_work tb_mips_coverage "+TEST=0" -gFAMILY=0 
# Start time: 14:59:48 on Oct 09,2026
# ** Note: (vsim-3812) Design is being optimized...
# Loading sv_std.std
# Loading work.tb_mips_coverage(fast)
# Loading work.mips_reference_pkg(fast)
# Loading work.mips_scoreboard_pkg(fast)
# Loading work.mips_instruction_pkg(fast)
# Loading work.tb_mips_scoreboard(fast)
# Loading work.toplevel(fast)
# Loading work.PC(fast)
# Loading work.IMEM(fast)
# Loading work.IF_ID_reg(fast)
# Loading work.Controller(fast)
# Loading work.RegisterFile(fast)
# Loading work.Extender(fast)
# Loading work.HazardDetection(fast)
# Loading work.ID_EX_reg(fast)
# Loading work.Forwarding(fast)
# Loading work.ALUControl(fast)
# Loading work.ALU(fast)
# Loading work.EX_MEM_reg(fast)
# Loading work.DMEM(fast)
# Loading work.MEM_WB_reg(fast)
# Loading work.mips_coverage_pkg(fast)
# Loading work.mips_coverage_monitor(fast)
# ** Warning: (vsim-8634) Code was not compiled with coverage options.
# SCOREBOARD TEST PASS: test=0 checks=293 model_checks=33
# ** Note: $finish    : /home/s23521611/project/mips/mips_school/tb/tb_mips_scoreboard.sv(349)
#    Time: 830 ns  Iteration: 1  Instance: /tb_mips_coverage/directed/test
# Break in Module tb_mips_scoreboard at /home/s23521611/project/mips/mips_school/tb/tb_mips_scoreboard.sv line 349
# Stopped at /home/s23521611/project/mips/mips_school/tb/tb_mips_scoreboard.sv line 349
# COVERAGE RUN RESULT: name=directed_0 completed=1 errors=0 signal_errors=0 monitor_errors=0 checks=293 sampled_events=33 model_steps=33
# COVERAGE RUN PASS: directed_0
# End time: 14:59:51 on Oct 09,2026, Elapsed time: 0:00:03
# Errors: 0, Warnings: 1
# vsim -coverage -voptargs="+acc" -onfinish stop -lib /home/s23521611/project/mips/mips_school/tb/functional_coverage_run/coverage_work tb_mips_coverage "+TEST=1" -gFAMILY=0 
# Start time: 14:59:51 on Oct 09,2026
# ** Note: (vsim-8009) Loading existing optimized design _opt
# Loading sv_std.std
# Loading work.tb_mips_coverage(fast)
# Loading work.mips_reference_pkg(fast)
# Loading work.mips_scoreboard_pkg(fast)
# Loading work.mips_instruction_pkg(fast)
# Loading work.tb_mips_scoreboard(fast)
# Loading work.toplevel(fast)
# Loading work.PC(fast)
# Loading work.IMEM(fast)
# Loading work.IF_ID_reg(fast)
# Loading work.Controller(fast)
# Loading work.RegisterFile(fast)
# Loading work.Extender(fast)
# Loading work.HazardDetection(fast)
# Loading work.ID_EX_reg(fast)
# Loading work.Forwarding(fast)
# Loading work.ALUControl(fast)
# Loading work.ALU(fast)
# Loading work.EX_MEM_reg(fast)
# Loading work.DMEM(fast)
# Loading work.MEM_WB_reg(fast)
# Loading work.mips_coverage_pkg(fast)
# Loading work.mips_coverage_monitor(fast)
# ** Warning: (vsim-8634) Code was not compiled with coverage options.
# SCOREBOARD TEST PASS: test=1 checks=293 model_checks=23
# ** Note: $finish    : /home/s23521611/project/mips/mips_school/tb/tb_mips_scoreboard.sv(349)
#    Time: 830 ns  Iteration: 1  Instance: /tb_mips_coverage/directed/test
# Break in Module tb_mips_scoreboard at /home/s23521611/project/mips/mips_school/tb/tb_mips_scoreboard.sv line 349
# Stopped at /home/s23521611/project/mips/mips_school/tb/tb_mips_scoreboard.sv line 349
# COVERAGE RUN RESULT: name=directed_1 completed=1 errors=0 signal_errors=0 monitor_errors=0 checks=293 sampled_events=22 model_steps=22
# COVERAGE RUN PASS: directed_1
# End time: 14:59:53 on Oct 09,2026, Elapsed time: 0:00:02
# Errors: 0, Warnings: 1
# vsim -coverage -voptargs="+acc" -onfinish stop -lib /home/s23521611/project/mips/mips_school/tb/functional_coverage_run/coverage_work tb_mips_coverage "+TEST=2" -gFAMILY=0 
# Start time: 14:59:53 on Oct 09,2026
# ** Note: (vsim-8009) Loading existing optimized design _opt
# Loading sv_std.std
# Loading work.tb_mips_coverage(fast)
# Loading work.mips_reference_pkg(fast)
# Loading work.mips_scoreboard_pkg(fast)
# Loading work.mips_instruction_pkg(fast)
# Loading work.tb_mips_scoreboard(fast)
# Loading work.toplevel(fast)
# Loading work.PC(fast)
# Loading work.IMEM(fast)
# Loading work.IF_ID_reg(fast)
# Loading work.Controller(fast)
# Loading work.RegisterFile(fast)
# Loading work.Extender(fast)
# Loading work.HazardDetection(fast)
# Loading work.ID_EX_reg(fast)
# Loading work.Forwarding(fast)
# Loading work.ALUControl(fast)
# Loading work.ALU(fast)
# Loading work.EX_MEM_reg(fast)
# Loading work.DMEM(fast)
# Loading work.MEM_WB_reg(fast)
# Loading work.mips_coverage_pkg(fast)
# Loading work.mips_coverage_monitor(fast)
# ** Warning: (vsim-8634) Code was not compiled with coverage options.
# SCOREBOARD TEST PASS: test=2 checks=293 model_checks=30
# ** Note: $finish    : /home/s23521611/project/mips/mips_school/tb/tb_mips_scoreboard.sv(349)
#    Time: 830 ns  Iteration: 1  Instance: /tb_mips_coverage/directed/test
# Break in Module tb_mips_scoreboard at /home/s23521611/project/mips/mips_school/tb/tb_mips_scoreboard.sv line 349
# Stopped at /home/s23521611/project/mips/mips_school/tb/tb_mips_scoreboard.sv line 349
# COVERAGE RUN RESULT: name=directed_2 completed=1 errors=0 signal_errors=0 monitor_errors=0 checks=293 sampled_events=28 model_steps=28
# COVERAGE RUN PASS: directed_2
# foreach cov_seed $coverage_seeds {
#     cov_run 1 alu alu_seed_$cov_seed [list +SEED=$cov_seed +RANDOM_WORDS=64] -1
#     cov_run 2 memory memory_seed_$cov_seed [list +SEED=$cov_seed +RANDOM_BLOCKS=16] -1
#     cov_run 3 branch branch_seed_$cov_seed [list +SEED=$cov_seed +RANDOM_BLOCKS=12] -1
# }
# End time: 14:59:56 on Oct 09,2026, Elapsed time: 0:00:03
# Errors: 0, Warnings: 1
# vsim -coverage -voptargs="+acc" -onfinish stop -lib /home/s23521611/project/mips/mips_school/tb/functional_coverage_run/coverage_work tb_mips_coverage "+SEED=1" "+RANDOM_WORDS=64" -gFAMILY=1 
# Start time: 14:59:56 on Oct 09,2026
# ** Note: (vsim-3812) Design is being optimized...
# Loading sv_std.std
# Loading work.tb_mips_coverage(fast)
# Loading work.mips_instruction_pkg(fast)
# Loading work.mips_random_pkg(fast)
# Loading work.mips_reference_pkg(fast)
# Loading work.mips_scoreboard_pkg(fast)
# Loading work.tb_mips_random_alu(fast)
# Loading work.toplevel(fast)
# Loading work.PC(fast)
# Loading work.IMEM(fast)
# Loading work.IF_ID_reg(fast)
# Loading work.Controller(fast)
# Loading work.RegisterFile(fast)
# Loading work.Extender(fast)
# Loading work.HazardDetection(fast)
# Loading work.ID_EX_reg(fast)
# Loading work.Forwarding(fast)
# Loading work.ALUControl(fast)
# Loading work.ALU(fast)
# Loading work.EX_MEM_reg(fast)
# Loading work.DMEM(fast)
# Loading work.MEM_WB_reg(fast)
# Loading work.mips_coverage_pkg(fast)
# Loading work.mips_coverage_monitor(fast)
# ** Warning: (vsim-8634) Code was not compiled with coverage options.
# RANDOM LOAD: seed=1 index=0 code=20017fff kind=MIPS_ADDI rs=0 rt=1 rd=0 imm=7fff shamt=0
# RANDOM LOAD: seed=1 index=1 code=20027fff kind=MIPS_ADDI rs=0 rt=2 rd=0 imm=7fff shamt=0
# RANDOM LOAD: seed=1 index=2 code=2003ffff kind=MIPS_ADDI rs=0 rt=3 rd=0 imm=ffff shamt=0
# RANDOM LOAD: seed=1 index=3 code=20040001 kind=MIPS_ADDI rs=0 rt=4 rd=0 imm=0001 shamt=0
# RANDOM LOAD: seed=1 index=4 code=20050000 kind=MIPS_ADDI rs=0 rt=5 rd=0 imm=0000 shamt=0
# RANDOM LOAD: seed=1 index=5 code=20069f92 kind=MIPS_ADDI rs=0 rt=6 rd=0 imm=9f92 shamt=0
# RANDOM LOAD: seed=1 index=6 code=20079cfe kind=MIPS_ADDI rs=0 rt=7 rd=0 imm=9cfe shamt=0
# RANDOM LOAD: seed=1 index=7 code=2008d277 kind=MIPS_ADDI rs=0 rt=8 rd=0 imm=d277 shamt=0
# RANDOM LOAD: seed=1 index=8 code=20099bce kind=MIPS_ADDI rs=0 rt=9 rd=0 imm=9bce shamt=0
# RANDOM LOAD: seed=1 index=9 code=200ac569 kind=MIPS_ADDI rs=0 rt=10 rd=0 imm=c569 shamt=0
# RANDOM LOAD: seed=1 index=10 code=200bc552 kind=MIPS_ADDI rs=0 rt=11 rd=0 imm=c552 shamt=0
# RANDOM LOAD: seed=1 index=11 code=200cf453 kind=MIPS_ADDI rs=0 rt=12 rd=0 imm=f453 shamt=0
# RANDOM LOAD: seed=1 index=12 code=200dc930 kind=MIPS_ADDI rs=0 rt=13 rd=0 imm=c930 shamt=0
# RANDOM LOAD: seed=1 index=13 code=200e43a3 kind=MIPS_ADDI rs=0 rt=14 rd=0 imm=43a3 shamt=0
# RANDOM LOAD: seed=1 index=14 code=200f0000 kind=MIPS_ADDI rs=0 rt=15 rd=0 imm=0000 shamt=0
# RANDOM LOAD: seed=1 index=15 code=20107222 kind=MIPS_ADDI rs=0 rt=16 rd=0 imm=7222 shamt=0
# RANDOM LOAD: seed=1 index=16 code=20110001 kind=MIPS_ADDI rs=0 rt=17 rd=0 imm=0001 shamt=0
# RANDOM LOAD: seed=1 index=17 code=2012bd70 kind=MIPS_ADDI rs=0 rt=18 rd=0 imm=bd70 shamt=0
# RANDOM LOAD: seed=1 index=18 code=20135d2b kind=MIPS_ADDI rs=0 rt=19 rd=0 imm=5d2b shamt=0
# RANDOM LOAD: seed=1 index=19 code=20140001 kind=MIPS_ADDI rs=0 rt=20 rd=0 imm=0001 shamt=0
# RANDOM LOAD: seed=1 index=20 code=20157fff kind=MIPS_ADDI rs=0 rt=21 rd=0 imm=7fff shamt=0
# RANDOM LOAD: seed=1 index=21 code=2016342c kind=MIPS_ADDI rs=0 rt=22 rd=0 imm=342c shamt=0
# RANDOM LOAD: seed=1 index=22 code=201701b6 kind=MIPS_ADDI rs=0 rt=23 rd=0 imm=01b6 shamt=0
# RANDOM LOAD: seed=1 index=23 code=2018ffff kind=MIPS_ADDI rs=0 rt=24 rd=0 imm=ffff shamt=0
# RANDOM LOAD: seed=1 index=24 code=20197fff kind=MIPS_ADDI rs=0 rt=25 rd=0 imm=7fff shamt=0
# RANDOM LOAD: seed=1 index=25 code=201a7ce1 kind=MIPS_ADDI rs=0 rt=26 rd=0 imm=7ce1 shamt=0
# RANDOM LOAD: seed=1 index=26 code=201b0001 kind=MIPS_ADDI rs=0 rt=27 rd=0 imm=0001 shamt=0
# RANDOM LOAD: seed=1 index=27 code=201cf7f3 kind=MIPS_ADDI rs=0 rt=28 rd=0 imm=f7f3 shamt=0
# RANDOM LOAD: seed=1 index=28 code=201dd124 kind=MIPS_ADDI rs=0 rt=29 rd=0 imm=d124 shamt=0
# RANDOM LOAD: seed=1 index=29 code=201e8000 kind=MIPS_ADDI rs=0 rt=30 rd=0 imm=8000 shamt=0
# RANDOM LOAD: seed=1 index=30 code=201fffff kind=MIPS_ADDI rs=0 rt=31 rd=0 imm=ffff shamt=0
# RANDOM LOAD: seed=1 index=31 code=02cd0824 kind=MIPS_AND rs=22 rt=13 rd=1 imm=0000 shamt=0
# RANDOM LOAD: seed=1 index=32 code=03129824 kind=MIPS_AND rs=24 rt=18 rd=19 imm=0000 shamt=0
# RANDOM LOAD: seed=1 index=33 code=319a0000 kind=MIPS_ANDI rs=12 rt=26 rd=0 imm=0000 shamt=0
# RANDOM LOAD: seed=1 index=34 code=023a0822 kind=MIPS_SUB rs=17 rt=26 rd=1 imm=0000 shamt=0
# RANDOM LOAD: seed=1 index=35 code=222d7fff kind=MIPS_ADDI rs=17 rt=13 rd=0 imm=7fff shamt=0
# RANDOM LOAD: seed=1 index=36 code=02c92024 kind=MIPS_AND rs=22 rt=9 rd=4 imm=0000 shamt=0
# RANDOM LOAD: seed=1 index=37 code=00d4082a kind=MIPS_SLT rs=6 rt=20 rd=1 imm=0000 shamt=0
# RANDOM LOAD: seed=1 index=38 code=001e0800 kind=MIPS_SLL rs=0 rt=30 rd=1 imm=0000 shamt=0
# RANDOM LOAD: seed=1 index=39 code=00036800 kind=MIPS_SLL rs=0 rt=3 rd=13 imm=0000 shamt=0
# RANDOM LOAD: seed=1 index=40 code=01c9e827 kind=MIPS_NOR rs=14 rt=9 rd=29 imm=0000 shamt=0
# RANDOM LOAD: seed=1 index=41 code=02c01027 kind=MIPS_NOR rs=22 rt=0 rd=2 imm=0000 shamt=0
# RANDOM LOAD: seed=1 index=42 code=0010e4c0 kind=MIPS_SLL rs=0 rt=16 rd=28 imm=0000 shamt=19
# RANDOM LOAD: seed=1 index=43 code=000a7824 kind=MIPS_AND rs=0 rt=10 rd=15 imm=0000 shamt=0
# RANDOM LOAD: seed=1 index=44 code=200ddbd6 kind=MIPS_ADDI rs=0 rt=13 rd=0 imm=dbd6 shamt=0
# RANDOM LOAD: seed=1 index=45 code=000d9f42 kind=MIPS_SRL rs=0 rt=13 rd=19 imm=0000 shamt=29
# RANDOM LOAD: seed=1 index=46 code=37429615 kind=MIPS_ORI rs=26 rt=2 rd=0 imm=9615 shamt=0
# RANDOM LOAD: seed=1 index=47 code=035b8824 kind=MIPS_AND rs=26 rt=27 rd=17 imm=0000 shamt=0
# RANDOM LOAD: seed=1 index=48 code=02827827 kind=MIPS_NOR rs=20 rt=2 rd=15 imm=0000 shamt=0
# RANDOM LOAD: seed=1 index=49 code=01185020 kind=MIPS_ADD rs=8 rt=24 rd=10 imm=0000 shamt=0
# RANDOM LOAD: seed=1 index=50 code=0113a820 kind=MIPS_ADD rs=8 rt=19 rd=21 imm=0000 shamt=0
# RANDOM LOAD: seed=1 index=51 code=0000a802 kind=MIPS_SRL rs=0 rt=0 rd=21 imm=0000 shamt=0
# RANDOM LOAD: seed=1 index=52 code=0018b800 kind=MIPS_SLL rs=0 rt=24 rd=23 imm=0000 shamt=0
# RANDOM LOAD: seed=1 index=53 code=368b7fff kind=MIPS_ORI rs=20 rt=11 rd=0 imm=7fff shamt=0
# RANDOM LOAD: seed=1 index=54 code=20878000 kind=MIPS_ADDI rs=4 rt=7 rd=0 imm=8000 shamt=0
# RANDOM LOAD: seed=1 index=55 code=027b7827 kind=MIPS_NOR rs=19 rt=27 rd=15 imm=0000 shamt=0
# RANDOM LOAD: seed=1 index=56 code=37ba0001 kind=MIPS_ORI rs=29 rt=26 rd=0 imm=0001 shamt=0
# RANDOM LOAD: seed=1 index=57 code=0308b82a kind=MIPS_SLT rs=24 rt=8 rd=23 imm=0000 shamt=0
# RANDOM LOAD: seed=1 index=58 code=000cb840 kind=MIPS_SLL rs=0 rt=12 rd=23 imm=0000 shamt=1
# RANDOM LOAD: seed=1 index=59 code=01088024 kind=MIPS_AND rs=8 rt=8 rd=16 imm=0000 shamt=0
# RANDOM LOAD: seed=1 index=60 code=001e17c0 kind=MIPS_SLL rs=0 rt=30 rd=2 imm=0000 shamt=31
# RANDOM LOAD: seed=1 index=61 code=00456827 kind=MIPS_NOR rs=2 rt=5 rd=13 imm=0000 shamt=0
# RANDOM LOAD: seed=1 index=62 code=365e9479 kind=MIPS_ORI rs=18 rt=30 rd=0 imm=9479 shamt=0
# RANDOM LOAD: seed=1 index=63 code=015c6827 kind=MIPS_NOR rs=10 rt=28 rd=13 imm=0000 shamt=0
# RANDOM LOAD: seed=1 index=64 code=02d07824 kind=MIPS_AND rs=22 rt=16 rd=15 imm=0000 shamt=0
# RANDOM LOAD: seed=1 index=65 code=03e00827 kind=MIPS_NOR rs=31 rt=0 rd=1 imm=0000 shamt=0
# RANDOM LOAD: seed=1 index=66 code=374f5afc kind=MIPS_ORI rs=26 rt=15 rd=0 imm=5afc shamt=0
# RANDOM LOAD: seed=1 index=67 code=000ff800 kind=MIPS_SLL rs=0 rt=15 rd=31 imm=0000 shamt=0
# RANDOM LOAD: seed=1 index=68 code=0005efc0 kind=MIPS_SLL rs=0 rt=5 rd=29 imm=0000 shamt=31
# RANDOM LOAD: seed=1 index=69 code=0258b827 kind=MIPS_NOR rs=18 rt=24 rd=23 imm=0000 shamt=0
# RANDOM LOAD: seed=1 index=70 code=0004c680 kind=MIPS_SLL rs=0 rt=4 rd=24 imm=0000 shamt=26
# RANDOM LOAD: seed=1 index=71 code=03762026 kind=MIPS_XOR rs=27 rt=22 rd=4 imm=0000 shamt=0
# RANDOM LOAD: seed=1 index=72 code=021b3822 kind=MIPS_SUB rs=16 rt=27 rd=7 imm=0000 shamt=0
# RANDOM LOAD: seed=1 index=73 code=00734824 kind=MIPS_AND rs=3 rt=19 rd=9 imm=0000 shamt=0
# RANDOM LOAD: seed=1 index=74 code=03c44022 kind=MIPS_SUB rs=30 rt=4 rd=8 imm=0000 shamt=0
# RANDOM LOAD: seed=1 index=75 code=36c30001 kind=MIPS_ORI rs=22 rt=3 rd=0 imm=0001 shamt=0
# RANDOM LOAD: seed=1 index=76 code=0019bd00 kind=MIPS_SLL rs=0 rt=25 rd=23 imm=0000 shamt=20
# RANDOM LOAD: seed=1 index=77 code=01a4e826 kind=MIPS_XOR rs=13 rt=4 rd=29 imm=0000 shamt=0
# RANDOM LOAD: seed=1 index=78 code=0019f402 kind=MIPS_SRL rs=0 rt=25 rd=30 imm=0000 shamt=16
# RANDOM LOAD: seed=1 index=79 code=0253282a kind=MIPS_SLT rs=18 rt=19 rd=5 imm=0000 shamt=0
# RANDOM LOAD: seed=1 index=80 code=001e33c2 kind=MIPS_SRL rs=0 rt=30 rd=6 imm=0000 shamt=15
# RANDOM LOAD: seed=1 index=81 code=031f6024 kind=MIPS_AND rs=24 rt=31 rd=12 imm=0000 shamt=0
# RANDOM LOAD: seed=1 index=82 code=000194c2 kind=MIPS_SRL rs=0 rt=1 rd=18 imm=0000 shamt=19
# RANDOM LOAD: seed=1 index=83 code=01ac2026 kind=MIPS_XOR rs=13 rt=12 rd=4 imm=0000 shamt=0
# RANDOM LOAD: seed=1 index=84 code=01932827 kind=MIPS_NOR rs=12 rt=19 rd=5 imm=0000 shamt=0
# RANDOM LOAD: seed=1 index=85 code=221c8000 kind=MIPS_ADDI rs=16 rt=28 rd=0 imm=8000 shamt=0
# RANDOM LOAD: seed=1 index=86 code=0005f025 kind=MIPS_OR rs=0 rt=5 rd=30 imm=0000 shamt=0
# RANDOM LOAD: seed=1 index=87 code=00bbb826 kind=MIPS_XOR rs=5 rt=27 rd=23 imm=0000 shamt=0
# RANDOM LOAD: seed=1 index=88 code=016cf027 kind=MIPS_NOR rs=11 rt=12 rd=30 imm=0000 shamt=0
# RANDOM LOAD: seed=1 index=89 code=20410001 kind=MIPS_ADDI rs=2 rt=1 rd=0 imm=0001 shamt=0
# RANDOM LOAD: seed=1 index=90 code=02505825 kind=MIPS_OR rs=18 rt=16 rd=11 imm=0000 shamt=0
# RANDOM LOAD: seed=1 index=91 code=000427c2 kind=MIPS_SRL rs=0 rt=4 rd=4 imm=0000 shamt=31
# RANDOM LOAD: seed=1 index=92 code=34360000 kind=MIPS_ORI rs=1 rt=22 rd=0 imm=0000 shamt=0
# RANDOM LOAD: seed=1 index=93 code=004ba027 kind=MIPS_NOR rs=2 rt=11 rd=20 imm=0000 shamt=0
# RANDOM LOAD: seed=1 index=94 code=00031fc2 kind=MIPS_SRL rs=0 rt=3 rd=3 imm=0000 shamt=31
# RANDOM ALU TEST PASS: seed=1 program_words=95 random_words=64 randomizations=95 model_steps=95 checks=293 writes=95 stalls=0
# ** Note: $finish    : /home/s23521611/project/mips/mips_school/tb/tb_mips_random_alu.sv(140)
#    Time: 1060 ns  Iteration: 1  Instance: /tb_mips_coverage/alu/test
# Break in Module tb_mips_random_alu at /home/s23521611/project/mips/mips_school/tb/tb_mips_random_alu.sv line 140
# Stopped at /home/s23521611/project/mips/mips_school/tb/tb_mips_random_alu.sv line 140
# COVERAGE RUN RESULT: name=alu_seed_1 completed=1 errors=0 signal_errors=0 monitor_errors=0 checks=293 sampled_events=95 model_steps=95
# COVERAGE RUN PASS: alu_seed_1
# End time: 14:59:59 on Oct 09,2026, Elapsed time: 0:00:03
# Errors: 0, Warnings: 1
# vsim -coverage -voptargs="+acc" -onfinish stop -lib /home/s23521611/project/mips/mips_school/tb/functional_coverage_run/coverage_work tb_mips_coverage "+SEED=1" "+RANDOM_BLOCKS=16" -gFAMILY=2 
# Start time: 14:59:59 on Oct 09,2026
# ** Note: (vsim-3812) Design is being optimized...
# Loading sv_std.std
# Loading work.tb_mips_coverage(fast)
# Loading work.mips_random_memory_pkg(fast)
# Loading work.mips_instruction_pkg(fast)
# Loading work.mips_random_pkg(fast)
# Loading work.mips_reference_pkg(fast)
# Loading work.mips_scoreboard_pkg(fast)
# Loading work.tb_mips_random_memory(fast)
# Loading work.toplevel(fast)
# Loading work.PC(fast)
# Loading work.IMEM(fast)
# Loading work.IF_ID_reg(fast)
# Loading work.Controller(fast)
# Loading work.RegisterFile(fast)
# Loading work.Extender(fast)
# Loading work.HazardDetection(fast)
# Loading work.ID_EX_reg(fast)
# Loading work.Forwarding(fast)
# Loading work.ALUControl(fast)
# Loading work.ALU(fast)
# Loading work.EX_MEM_reg(fast)
# Loading work.DMEM(fast)
# Loading work.MEM_WB_reg(fast)
# Loading work.mips_coverage_pkg(fast)
# Loading work.mips_coverage_monitor(fast)
# ** Warning: (vsim-8634) Code was not compiled with coverage options.
# MEMORY LOAD: seed=1 index=0 code=20017fff kind=MIPS_ADDI rs=0 rt=1 rd=0 imm=7fff
# MEMORY LOAD: seed=1 index=1 code=20027fff kind=MIPS_ADDI rs=0 rt=2 rd=0 imm=7fff
# MEMORY LOAD: seed=1 index=2 code=2003ffff kind=MIPS_ADDI rs=0 rt=3 rd=0 imm=ffff
# MEMORY LOAD: seed=1 index=3 code=20040001 kind=MIPS_ADDI rs=0 rt=4 rd=0 imm=0001
# MEMORY LOAD: seed=1 index=4 code=20050000 kind=MIPS_ADDI rs=0 rt=5 rd=0 imm=0000
# MEMORY LOAD: seed=1 index=5 code=20069f92 kind=MIPS_ADDI rs=0 rt=6 rd=0 imm=9f92
# MEMORY LOAD: seed=1 index=6 code=20079cfe kind=MIPS_ADDI rs=0 rt=7 rd=0 imm=9cfe
# MEMORY LOAD: seed=1 index=7 code=2008d277 kind=MIPS_ADDI rs=0 rt=8 rd=0 imm=d277
# MEMORY LOAD: seed=1 index=8 code=20099bce kind=MIPS_ADDI rs=0 rt=9 rd=0 imm=9bce
# MEMORY LOAD: seed=1 index=9 code=200ac569 kind=MIPS_ADDI rs=0 rt=10 rd=0 imm=c569
# MEMORY LOAD: seed=1 index=10 code=200bc552 kind=MIPS_ADDI rs=0 rt=11 rd=0 imm=c552
# MEMORY LOAD: seed=1 index=11 code=200cf453 kind=MIPS_ADDI rs=0 rt=12 rd=0 imm=f453
# MEMORY LOAD: seed=1 index=12 code=200dc930 kind=MIPS_ADDI rs=0 rt=13 rd=0 imm=c930
# MEMORY LOAD: seed=1 index=13 code=200e43a3 kind=MIPS_ADDI rs=0 rt=14 rd=0 imm=43a3
# MEMORY LOAD: seed=1 index=14 code=200f0000 kind=MIPS_ADDI rs=0 rt=15 rd=0 imm=0000
# MEMORY LOAD: seed=1 index=15 code=20107222 kind=MIPS_ADDI rs=0 rt=16 rd=0 imm=7222
# MEMORY LOAD: seed=1 index=16 code=20110001 kind=MIPS_ADDI rs=0 rt=17 rd=0 imm=0001
# MEMORY LOAD: seed=1 index=17 code=2012bd70 kind=MIPS_ADDI rs=0 rt=18 rd=0 imm=bd70
# MEMORY LOAD: seed=1 index=18 code=20135d2b kind=MIPS_ADDI rs=0 rt=19 rd=0 imm=5d2b
# MEMORY LOAD: seed=1 index=19 code=20140001 kind=MIPS_ADDI rs=0 rt=20 rd=0 imm=0001
# MEMORY LOAD: seed=1 index=20 code=20157fff kind=MIPS_ADDI rs=0 rt=21 rd=0 imm=7fff
# MEMORY LOAD: seed=1 index=21 code=2016342c kind=MIPS_ADDI rs=0 rt=22 rd=0 imm=342c
# MEMORY LOAD: seed=1 index=22 code=201701b6 kind=MIPS_ADDI rs=0 rt=23 rd=0 imm=01b6
# MEMORY LOAD: seed=1 index=23 code=2018ffff kind=MIPS_ADDI rs=0 rt=24 rd=0 imm=ffff
# MEMORY LOAD: seed=1 index=24 code=20197fff kind=MIPS_ADDI rs=0 rt=25 rd=0 imm=7fff
# MEMORY LOAD: seed=1 index=25 code=201a7ce1 kind=MIPS_ADDI rs=0 rt=26 rd=0 imm=7ce1
# MEMORY LOAD: seed=1 index=26 code=201b0001 kind=MIPS_ADDI rs=0 rt=27 rd=0 imm=0001
# MEMORY LOAD: seed=1 index=27 code=201cf7f3 kind=MIPS_ADDI rs=0 rt=28 rd=0 imm=f7f3
# MEMORY LOAD: seed=1 index=28 code=201dd124 kind=MIPS_ADDI rs=0 rt=29 rd=0 imm=d124
# MEMORY LOAD: seed=1 index=29 code=201e8000 kind=MIPS_ADDI rs=0 rt=30 rd=0 imm=8000
# MEMORY LOAD: seed=1 index=30 code=201f0200 kind=MIPS_ADDI rs=0 rt=31 rd=0 imm=0200
# MEMORY BLOCK: seed=1 start=31 scenario=MEM_LOAD_USE_RS word=4 source=r26 load=r3 result=r8
# MEMORY LOAD: seed=1 index=31 code=affafe10 kind=MIPS_SW rs=31 rt=26 rd=0 imm=fe10
# MEMORY LOAD: seed=1 index=32 code=8fe3fe10 kind=MIPS_LW rs=31 rt=3 rd=0 imm=fe10
# MEMORY LOAD: seed=1 index=33 code=007a4020 kind=MIPS_ADD rs=3 rt=26 rd=8 imm=0000
# MEMORY LOAD: seed=1 index=34 code=afe8fe10 kind=MIPS_SW rs=31 rt=8 rd=0 imm=fe10
# MEMORY LOAD: seed=1 index=35 code=8fe3fe10 kind=MIPS_LW rs=31 rt=3 rd=0 imm=fe10
# MEMORY LOAD: seed=1 index=36 code=03434026 kind=MIPS_XOR rs=26 rt=3 rd=8 imm=0000
# MEMORY BLOCK: seed=1 start=37 scenario=MEM_LOAD_STORE_DATA word=0 source=r1 load=r9 result=r15
# MEMORY LOAD: seed=1 index=37 code=afe1fe00 kind=MIPS_SW rs=31 rt=1 rd=0 imm=fe00
# MEMORY LOAD: seed=1 index=38 code=8fe9fe00 kind=MIPS_LW rs=31 rt=9 rd=0 imm=fe00
# MEMORY LOAD: seed=1 index=39 code=afe9fe04 kind=MIPS_SW rs=31 rt=9 rd=0 imm=fe04
# MEMORY LOAD: seed=1 index=40 code=8feffe04 kind=MIPS_LW rs=31 rt=15 rd=0 imm=fe04
# MEMORY LOAD: seed=1 index=41 code=01e14820 kind=MIPS_ADD rs=15 rt=1 rd=9 imm=0000
# MEMORY LOAD: seed=1 index=42 code=afe9fe00 kind=MIPS_SW rs=31 rt=9 rd=0 imm=fe00
# MEMORY BLOCK: seed=1 start=43 scenario=MEM_LOAD_ONE_GAP word=127 source=r8 load=r21 result=r4
# MEMORY LOAD: seed=1 index=43 code=afe8fffc kind=MIPS_SW rs=31 rt=8 rd=0 imm=fffc
# MEMORY LOAD: seed=1 index=44 code=8ff5fffc kind=MIPS_LW rs=31 rt=21 rd=0 imm=fffc
# MEMORY LOAD: seed=1 index=45 code=01082020 kind=MIPS_ADD rs=8 rt=8 rd=4 imm=0000
# MEMORY LOAD: seed=1 index=46 code=02a82026 kind=MIPS_XOR rs=21 rt=8 rd=4 imm=0000
# MEMORY LOAD: seed=1 index=47 code=afe4fff8 kind=MIPS_SW rs=31 rt=4 rd=0 imm=fff8
# MEMORY LOAD: seed=1 index=48 code=01152025 kind=MIPS_OR rs=8 rt=21 rd=4 imm=0000
# MEMORY BLOCK: seed=1 start=49 scenario=MEM_LOAD_ZERO word=1 source=r29 load=r23 result=r4
# MEMORY LOAD: seed=1 index=49 code=affdfe04 kind=MIPS_SW rs=31 rt=29 rd=0 imm=fe04
# MEMORY LOAD: seed=1 index=50 code=8fe0fe04 kind=MIPS_LW rs=31 rt=0 rd=0 imm=fe04
# MEMORY LOAD: seed=1 index=51 code=001d2020 kind=MIPS_ADD rs=0 rt=29 rd=4 imm=0000
# MEMORY LOAD: seed=1 index=52 code=afe4fe00 kind=MIPS_SW rs=31 rt=4 rd=0 imm=fe00
# MEMORY LOAD: seed=1 index=53 code=8ff7fe00 kind=MIPS_LW rs=31 rt=23 rd=0 imm=fe00
# MEMORY LOAD: seed=1 index=54 code=aff7fe04 kind=MIPS_SW rs=31 rt=23 rd=0 imm=fe04
# MEMORY BLOCK: seed=1 start=55 scenario=MEM_LOAD_ZERO word=218 source=r5 load=r13 result=r11
# MEMORY LOAD: seed=1 index=55 code=afe50168 kind=MIPS_SW rs=31 rt=5 rd=0 imm=0168
# MEMORY LOAD: seed=1 index=56 code=8fe00168 kind=MIPS_LW rs=31 rt=0 rd=0 imm=0168
# MEMORY LOAD: seed=1 index=57 code=00055820 kind=MIPS_ADD rs=0 rt=5 rd=11 imm=0000
# MEMORY LOAD: seed=1 index=58 code=afeb016c kind=MIPS_SW rs=31 rt=11 rd=0 imm=016c
# MEMORY LOAD: seed=1 index=59 code=8fed016c kind=MIPS_LW rs=31 rt=13 rd=0 imm=016c
# MEMORY LOAD: seed=1 index=60 code=afed0168 kind=MIPS_SW rs=31 rt=13 rd=0 imm=0168
# MEMORY BLOCK: seed=1 start=61 scenario=MEM_LOAD_ONE_GAP word=255 source=r22 load=r26 result=r28
# MEMORY LOAD: seed=1 index=61 code=aff601fc kind=MIPS_SW rs=31 rt=22 rd=0 imm=01fc
# MEMORY LOAD: seed=1 index=62 code=8ffa01fc kind=MIPS_LW rs=31 rt=26 rd=0 imm=01fc
# MEMORY LOAD: seed=1 index=63 code=02d6e020 kind=MIPS_ADD rs=22 rt=22 rd=28 imm=0000
# MEMORY LOAD: seed=1 index=64 code=0356e026 kind=MIPS_XOR rs=26 rt=22 rd=28 imm=0000
# MEMORY LOAD: seed=1 index=65 code=affc01f8 kind=MIPS_SW rs=31 rt=28 rd=0 imm=01f8
# MEMORY LOAD: seed=1 index=66 code=02dae025 kind=MIPS_OR rs=22 rt=26 rd=28 imm=0000
# MEMORY BLOCK: seed=1 start=67 scenario=MEM_LOAD_ONE_GAP word=51 source=r11 load=r9 result=r4
# MEMORY LOAD: seed=1 index=67 code=afebfecc kind=MIPS_SW rs=31 rt=11 rd=0 imm=fecc
# MEMORY LOAD: seed=1 index=68 code=8fe9fecc kind=MIPS_LW rs=31 rt=9 rd=0 imm=fecc
# MEMORY LOAD: seed=1 index=69 code=016b2020 kind=MIPS_ADD rs=11 rt=11 rd=4 imm=0000
# MEMORY LOAD: seed=1 index=70 code=012b2026 kind=MIPS_XOR rs=9 rt=11 rd=4 imm=0000
# MEMORY LOAD: seed=1 index=71 code=afe4fec8 kind=MIPS_SW rs=31 rt=4 rd=0 imm=fec8
# MEMORY LOAD: seed=1 index=72 code=01692025 kind=MIPS_OR rs=11 rt=9 rd=4 imm=0000
# MEMORY BLOCK: seed=1 start=73 scenario=MEM_LOAD_ONE_GAP word=169 source=r11 load=r26 result=r22
# MEMORY LOAD: seed=1 index=73 code=afeb00a4 kind=MIPS_SW rs=31 rt=11 rd=0 imm=00a4
# MEMORY LOAD: seed=1 index=74 code=8ffa00a4 kind=MIPS_LW rs=31 rt=26 rd=0 imm=00a4
# MEMORY LOAD: seed=1 index=75 code=016bb020 kind=MIPS_ADD rs=11 rt=11 rd=22 imm=0000
# MEMORY LOAD: seed=1 index=76 code=034bb026 kind=MIPS_XOR rs=26 rt=11 rd=22 imm=0000
# MEMORY LOAD: seed=1 index=77 code=aff600a0 kind=MIPS_SW rs=31 rt=22 rd=0 imm=00a0
# MEMORY LOAD: seed=1 index=78 code=017ab025 kind=MIPS_OR rs=11 rt=26 rd=22 imm=0000
# MEMORY BLOCK: seed=1 start=79 scenario=MEM_LOAD_USE_RS word=255 source=r5 load=r4 result=r24
# MEMORY LOAD: seed=1 index=79 code=afe501fc kind=MIPS_SW rs=31 rt=5 rd=0 imm=01fc
# MEMORY LOAD: seed=1 index=80 code=8fe401fc kind=MIPS_LW rs=31 rt=4 rd=0 imm=01fc
# MEMORY LOAD: seed=1 index=81 code=0085c020 kind=MIPS_ADD rs=4 rt=5 rd=24 imm=0000
# MEMORY LOAD: seed=1 index=82 code=aff801fc kind=MIPS_SW rs=31 rt=24 rd=0 imm=01fc
# MEMORY LOAD: seed=1 index=83 code=8fe401fc kind=MIPS_LW rs=31 rt=4 rd=0 imm=01fc
# MEMORY LOAD: seed=1 index=84 code=00a4c026 kind=MIPS_XOR rs=5 rt=4 rd=24 imm=0000
# MEMORY BLOCK: seed=1 start=85 scenario=MEM_LOAD_STORE_DATA word=179 source=r1 load=r12 result=r11
# MEMORY LOAD: seed=1 index=85 code=afe100cc kind=MIPS_SW rs=31 rt=1 rd=0 imm=00cc
# MEMORY LOAD: seed=1 index=86 code=8fec00cc kind=MIPS_LW rs=31 rt=12 rd=0 imm=00cc
# MEMORY LOAD: seed=1 index=87 code=afec00c8 kind=MIPS_SW rs=31 rt=12 rd=0 imm=00c8
# MEMORY LOAD: seed=1 index=88 code=8feb00c8 kind=MIPS_LW rs=31 rt=11 rd=0 imm=00c8
# MEMORY LOAD: seed=1 index=89 code=01616020 kind=MIPS_ADD rs=11 rt=1 rd=12 imm=0000
# MEMORY LOAD: seed=1 index=90 code=afec00cc kind=MIPS_SW rs=31 rt=12 rd=0 imm=00cc
# MEMORY BLOCK: seed=1 start=91 scenario=MEM_LOAD_USE_RS word=127 source=r4 load=r28 result=r23
# MEMORY LOAD: seed=1 index=91 code=afe4fffc kind=MIPS_SW rs=31 rt=4 rd=0 imm=fffc
# MEMORY LOAD: seed=1 index=92 code=8ffcfffc kind=MIPS_LW rs=31 rt=28 rd=0 imm=fffc
# MEMORY LOAD: seed=1 index=93 code=0384b820 kind=MIPS_ADD rs=28 rt=4 rd=23 imm=0000
# MEMORY LOAD: seed=1 index=94 code=aff7fffc kind=MIPS_SW rs=31 rt=23 rd=0 imm=fffc
# MEMORY LOAD: seed=1 index=95 code=8ffcfffc kind=MIPS_LW rs=31 rt=28 rd=0 imm=fffc
# MEMORY LOAD: seed=1 index=96 code=009cb826 kind=MIPS_XOR rs=4 rt=28 rd=23 imm=0000
# MEMORY BLOCK: seed=1 start=97 scenario=MEM_LOAD_USE_RS word=35 source=r14 load=r23 result=r7
# MEMORY LOAD: seed=1 index=97 code=afeefe8c kind=MIPS_SW rs=31 rt=14 rd=0 imm=fe8c
# MEMORY LOAD: seed=1 index=98 code=8ff7fe8c kind=MIPS_LW rs=31 rt=23 rd=0 imm=fe8c
# MEMORY LOAD: seed=1 index=99 code=02ee3820 kind=MIPS_ADD rs=23 rt=14 rd=7 imm=0000
# MEMORY LOAD: seed=1 index=100 code=afe7fe8c kind=MIPS_SW rs=31 rt=7 rd=0 imm=fe8c
# MEMORY LOAD: seed=1 index=101 code=8ff7fe8c kind=MIPS_LW rs=31 rt=23 rd=0 imm=fe8c
# MEMORY LOAD: seed=1 index=102 code=01d73826 kind=MIPS_XOR rs=14 rt=23 rd=7 imm=0000
# MEMORY BLOCK: seed=1 start=103 scenario=MEM_LOAD_STORE_DATA word=79 source=r19 load=r6 result=r5
# MEMORY LOAD: seed=1 index=103 code=aff3ff3c kind=MIPS_SW rs=31 rt=19 rd=0 imm=ff3c
# MEMORY LOAD: seed=1 index=104 code=8fe6ff3c kind=MIPS_LW rs=31 rt=6 rd=0 imm=ff3c
# MEMORY LOAD: seed=1 index=105 code=afe6ff38 kind=MIPS_SW rs=31 rt=6 rd=0 imm=ff38
# MEMORY LOAD: seed=1 index=106 code=8fe5ff38 kind=MIPS_LW rs=31 rt=5 rd=0 imm=ff38
# MEMORY LOAD: seed=1 index=107 code=00b33020 kind=MIPS_ADD rs=5 rt=19 rd=6 imm=0000
# MEMORY LOAD: seed=1 index=108 code=afe6ff3c kind=MIPS_SW rs=31 rt=6 rd=0 imm=ff3c
# MEMORY BLOCK: seed=1 start=109 scenario=MEM_LOAD_ONE_GAP word=255 source=r19 load=r22 result=r20
# MEMORY LOAD: seed=1 index=109 code=aff301fc kind=MIPS_SW rs=31 rt=19 rd=0 imm=01fc
# MEMORY LOAD: seed=1 index=110 code=8ff601fc kind=MIPS_LW rs=31 rt=22 rd=0 imm=01fc
# MEMORY LOAD: seed=1 index=111 code=0273a020 kind=MIPS_ADD rs=19 rt=19 rd=20 imm=0000
# MEMORY LOAD: seed=1 index=112 code=02d3a026 kind=MIPS_XOR rs=22 rt=19 rd=20 imm=0000
# MEMORY LOAD: seed=1 index=113 code=aff401f8 kind=MIPS_SW rs=31 rt=20 rd=0 imm=01f8
# MEMORY LOAD: seed=1 index=114 code=0276a025 kind=MIPS_OR rs=19 rt=22 rd=20 imm=0000
# MEMORY BLOCK: seed=1 start=115 scenario=MEM_LOAD_ONE_GAP word=128 source=r28 load=r10 result=r7
# MEMORY LOAD: seed=1 index=115 code=affc0000 kind=MIPS_SW rs=31 rt=28 rd=0 imm=0000
# MEMORY LOAD: seed=1 index=116 code=8fea0000 kind=MIPS_LW rs=31 rt=10 rd=0 imm=0000
# MEMORY LOAD: seed=1 index=117 code=039c3820 kind=MIPS_ADD rs=28 rt=28 rd=7 imm=0000
# MEMORY LOAD: seed=1 index=118 code=015c3826 kind=MIPS_XOR rs=10 rt=28 rd=7 imm=0000
# MEMORY LOAD: seed=1 index=119 code=afe70004 kind=MIPS_SW rs=31 rt=7 rd=0 imm=0004
# MEMORY LOAD: seed=1 index=120 code=038a3825 kind=MIPS_OR rs=28 rt=10 rd=7 imm=0000
# MEMORY BLOCK: seed=1 start=121 scenario=MEM_LOAD_USE_RS word=196 source=r3 load=r10 result=r25
# MEMORY LOAD: seed=1 index=121 code=afe30110 kind=MIPS_SW rs=31 rt=3 rd=0 imm=0110
# MEMORY LOAD: seed=1 index=122 code=8fea0110 kind=MIPS_LW rs=31 rt=10 rd=0 imm=0110
# MEMORY LOAD: seed=1 index=123 code=0143c820 kind=MIPS_ADD rs=10 rt=3 rd=25 imm=0000
# MEMORY LOAD: seed=1 index=124 code=aff90110 kind=MIPS_SW rs=31 rt=25 rd=0 imm=0110
# MEMORY LOAD: seed=1 index=125 code=8fea0110 kind=MIPS_LW rs=31 rt=10 rd=0 imm=0110
# MEMORY LOAD: seed=1 index=126 code=006ac826 kind=MIPS_XOR rs=3 rt=10 rd=25 imm=0000
# RANDOM MEMORY TEST PASS: seed=1 blocks=16 words=127 randomizations=47 model_steps=127 checks=295 loads=26 stores=37 stalls=18 expected_stalls=18
# ** Note: $finish    : /home/s23521611/project/mips/mips_school/tb/tb_mips_random_memory.sv(220)
#    Time: 1560 ns  Iteration: 1  Instance: /tb_mips_coverage/memory/test
# Break in Module tb_mips_random_memory at /home/s23521611/project/mips/mips_school/tb/tb_mips_random_memory.sv line 220
# Stopped at /home/s23521611/project/mips/mips_school/tb/tb_mips_random_memory.sv line 220
# COVERAGE RUN RESULT: name=memory_seed_1 completed=1 errors=0 signal_errors=0 monitor_errors=0 checks=295 sampled_events=127 model_steps=127
# COVERAGE RUN PASS: memory_seed_1
# End time: 15:00:02 on Oct 09,2026, Elapsed time: 0:00:03
# Errors: 0, Warnings: 1
# vsim -coverage -voptargs="+acc" -onfinish stop -lib /home/s23521611/project/mips/mips_school/tb/functional_coverage_run/coverage_work tb_mips_coverage "+SEED=1" "+RANDOM_BLOCKS=12" -gFAMILY=3 
# Start time: 15:00:02 on Oct 09,2026
# ** Note: (vsim-3812) Design is being optimized...
# Loading sv_std.std
# Loading work.tb_mips_coverage(fast)
# Loading work.mips_random_branch_pkg(fast)
# Loading work.mips_instruction_pkg(fast)
# Loading work.mips_random_pkg(fast)
# Loading work.mips_reference_pkg(fast)
# Loading work.mips_scoreboard_pkg(fast)
# Loading work.tb_mips_random_branch(fast)
# Loading work.toplevel(fast)
# Loading work.PC(fast)
# Loading work.IMEM(fast)
# Loading work.IF_ID_reg(fast)
# Loading work.Controller(fast)
# Loading work.RegisterFile(fast)
# Loading work.Extender(fast)
# Loading work.HazardDetection(fast)
# Loading work.ID_EX_reg(fast)
# Loading work.Forwarding(fast)
# Loading work.ALUControl(fast)
# Loading work.ALU(fast)
# Loading work.EX_MEM_reg(fast)
# Loading work.DMEM(fast)
# Loading work.MEM_WB_reg(fast)
# Loading work.mips_coverage_pkg(fast)
# Loading work.mips_coverage_monitor(fast)
# ** Warning: (vsim-8634) Code was not compiled with coverage options.
# BRANCH LOAD: seed=1 index=0 code=20017fff kind=MIPS_ADDI rs=0 rt=1 rd=0 imm=7fff target=0
# BRANCH LOAD: seed=1 index=1 code=20027fff kind=MIPS_ADDI rs=0 rt=2 rd=0 imm=7fff target=0
# BRANCH LOAD: seed=1 index=2 code=2003ffff kind=MIPS_ADDI rs=0 rt=3 rd=0 imm=ffff target=0
# BRANCH LOAD: seed=1 index=3 code=20040001 kind=MIPS_ADDI rs=0 rt=4 rd=0 imm=0001 target=0
# BRANCH LOAD: seed=1 index=4 code=20050000 kind=MIPS_ADDI rs=0 rt=5 rd=0 imm=0000 target=0
# BRANCH LOAD: seed=1 index=5 code=20069f92 kind=MIPS_ADDI rs=0 rt=6 rd=0 imm=9f92 target=0
# BRANCH LOAD: seed=1 index=6 code=20079cfe kind=MIPS_ADDI rs=0 rt=7 rd=0 imm=9cfe target=0
# BRANCH LOAD: seed=1 index=7 code=2008d277 kind=MIPS_ADDI rs=0 rt=8 rd=0 imm=d277 target=0
# BRANCH LOAD: seed=1 index=8 code=20099bce kind=MIPS_ADDI rs=0 rt=9 rd=0 imm=9bce target=0
# BRANCH LOAD: seed=1 index=9 code=200ac569 kind=MIPS_ADDI rs=0 rt=10 rd=0 imm=c569 target=0
# BRANCH LOAD: seed=1 index=10 code=200bc552 kind=MIPS_ADDI rs=0 rt=11 rd=0 imm=c552 target=0
# BRANCH LOAD: seed=1 index=11 code=200cf453 kind=MIPS_ADDI rs=0 rt=12 rd=0 imm=f453 target=0
# BRANCH LOAD: seed=1 index=12 code=200dc930 kind=MIPS_ADDI rs=0 rt=13 rd=0 imm=c930 target=0
# BRANCH LOAD: seed=1 index=13 code=200e43a3 kind=MIPS_ADDI rs=0 rt=14 rd=0 imm=43a3 target=0
# BRANCH LOAD: seed=1 index=14 code=200f0000 kind=MIPS_ADDI rs=0 rt=15 rd=0 imm=0000 target=0
# BRANCH LOAD: seed=1 index=15 code=20107222 kind=MIPS_ADDI rs=0 rt=16 rd=0 imm=7222 target=0
# BRANCH LOAD: seed=1 index=16 code=20110001 kind=MIPS_ADDI rs=0 rt=17 rd=0 imm=0001 target=0
# BRANCH LOAD: seed=1 index=17 code=2012bd70 kind=MIPS_ADDI rs=0 rt=18 rd=0 imm=bd70 target=0
# BRANCH LOAD: seed=1 index=18 code=20135d2b kind=MIPS_ADDI rs=0 rt=19 rd=0 imm=5d2b target=0
# BRANCH LOAD: seed=1 index=19 code=20140001 kind=MIPS_ADDI rs=0 rt=20 rd=0 imm=0001 target=0
# BRANCH LOAD: seed=1 index=20 code=20157fff kind=MIPS_ADDI rs=0 rt=21 rd=0 imm=7fff target=0
# BRANCH LOAD: seed=1 index=21 code=2016342c kind=MIPS_ADDI rs=0 rt=22 rd=0 imm=342c target=0
# BRANCH LOAD: seed=1 index=22 code=201701b6 kind=MIPS_ADDI rs=0 rt=23 rd=0 imm=01b6 target=0
# BRANCH LOAD: seed=1 index=23 code=2018ffff kind=MIPS_ADDI rs=0 rt=24 rd=0 imm=ffff target=0
# BRANCH LOAD: seed=1 index=24 code=20197fff kind=MIPS_ADDI rs=0 rt=25 rd=0 imm=7fff target=0
# BRANCH LOAD: seed=1 index=25 code=201a7ce1 kind=MIPS_ADDI rs=0 rt=26 rd=0 imm=7ce1 target=0
# BRANCH LOAD: seed=1 index=26 code=201b0001 kind=MIPS_ADDI rs=0 rt=27 rd=0 imm=0001 target=0
# BRANCH LOAD: seed=1 index=27 code=201cf7f3 kind=MIPS_ADDI rs=0 rt=28 rd=0 imm=f7f3 target=0
# BRANCH LOAD: seed=1 index=28 code=201dd124 kind=MIPS_ADDI rs=0 rt=29 rd=0 imm=d124 target=0
# BRANCH LOAD: seed=1 index=29 code=201e8000 kind=MIPS_ADDI rs=0 rt=30 rd=0 imm=8000 target=0
# BRANCH LOAD: seed=1 index=30 code=201f0000 kind=MIPS_ADDI rs=0 rt=31 rd=0 imm=0000 target=0
# BRANCH BLOCK: seed=1 start=31 scenario=CF_BEQ_TAKEN left=r3 right=r11 result=r6 counter=r19 value=1f00 marker=4f3e iterations=1
# BRANCH LOAD: seed=1 index=31 code=20031f00 kind=MIPS_ADDI rs=0 rt=3 rd=0 imm=1f00 target=0
# BRANCH LOAD: seed=1 index=32 code=200b1f00 kind=MIPS_ADDI rs=0 rt=11 rd=0 imm=1f00 target=0
# BRANCH LOAD: seed=1 index=33 code=106b0002 kind=MIPS_BEQ rs=3 rt=11 rd=0 imm=0002 target=0
# BRANCH LOAD: seed=1 index=34 code=ac030000 kind=MIPS_SW rs=0 rt=3 rd=0 imm=0000 target=0
# BRANCH LOAD: seed=1 index=35 code=201f0001 kind=MIPS_ADDI rs=0 rt=31 rd=0 imm=0001 target=0
# BRANCH LOAD: seed=1 index=36 code=20064f3e kind=MIPS_ADDI rs=0 rt=6 rd=0 imm=4f3e target=0
# BRANCH LOAD: seed=1 index=37 code=ac060080 kind=MIPS_SW rs=0 rt=6 rd=0 imm=0080 target=0
# BRANCH LOAD: seed=1 index=38 code=00000000 kind=MIPS_SLL rs=0 rt=0 rd=0 imm=0000 target=0
# BRANCH LOAD: seed=1 index=39 code=00000000 kind=MIPS_SLL rs=0 rt=0 rd=0 imm=0000 target=0
# BRANCH LOAD: seed=1 index=40 code=00000000 kind=MIPS_SLL rs=0 rt=0 rd=0 imm=0000 target=0
# BRANCH LOAD: seed=1 index=41 code=00000000 kind=MIPS_SLL rs=0 rt=0 rd=0 imm=0000 target=0
# BRANCH LOAD: seed=1 index=42 code=00000000 kind=MIPS_SLL rs=0 rt=0 rd=0 imm=0000 target=0
# BRANCH BLOCK: seed=1 start=43 scenario=CF_BEQ_NOT_TAKEN left=r12 right=r26 result=r4 counter=r25 value=7380 marker=572b iterations=2
# BRANCH LOAD: seed=1 index=43 code=200c7380 kind=MIPS_ADDI rs=0 rt=12 rd=0 imm=7380 target=0
# BRANCH LOAD: seed=1 index=44 code=201a7381 kind=MIPS_ADDI rs=0 rt=26 rd=0 imm=7381 target=0
# BRANCH LOAD: seed=1 index=45 code=119a0002 kind=MIPS_BEQ rs=12 rt=26 rd=0 imm=0002 target=0
# BRANCH LOAD: seed=1 index=46 code=ac0c0004 kind=MIPS_SW rs=0 rt=12 rd=0 imm=0004 target=0
# BRANCH LOAD: seed=1 index=47 code=20040001 kind=MIPS_ADDI rs=0 rt=4 rd=0 imm=0001 target=0
# BRANCH LOAD: seed=1 index=48 code=2004572b kind=MIPS_ADDI rs=0 rt=4 rd=0 imm=572b target=0
# BRANCH LOAD: seed=1 index=49 code=ac040084 kind=MIPS_SW rs=0 rt=4 rd=0 imm=0084 target=0
# BRANCH LOAD: seed=1 index=50 code=00000000 kind=MIPS_SLL rs=0 rt=0 rd=0 imm=0000 target=0
# BRANCH LOAD: seed=1 index=51 code=00000000 kind=MIPS_SLL rs=0 rt=0 rd=0 imm=0000 target=0
# BRANCH LOAD: seed=1 index=52 code=00000000 kind=MIPS_SLL rs=0 rt=0 rd=0 imm=0000 target=0
# BRANCH LOAD: seed=1 index=53 code=00000000 kind=MIPS_SLL rs=0 rt=0 rd=0 imm=0000 target=0
# BRANCH LOAD: seed=1 index=54 code=00000000 kind=MIPS_SLL rs=0 rt=0 rd=0 imm=0000 target=0
# BRANCH BLOCK: seed=1 start=55 scenario=CF_BNE_TAKEN left=r28 right=r23 result=r2 counter=r11 value=b1a3 marker=516c iterations=3
# BRANCH LOAD: seed=1 index=55 code=201cb1a3 kind=MIPS_ADDI rs=0 rt=28 rd=0 imm=b1a3 target=0
# BRANCH LOAD: seed=1 index=56 code=2017b1a2 kind=MIPS_ADDI rs=0 rt=23 rd=0 imm=b1a2 target=0
# BRANCH LOAD: seed=1 index=57 code=17970002 kind=MIPS_BNE rs=28 rt=23 rd=0 imm=0002 target=0
# BRANCH LOAD: seed=1 index=58 code=ac1c0008 kind=MIPS_SW rs=0 rt=28 rd=0 imm=0008 target=0
# BRANCH LOAD: seed=1 index=59 code=201f0001 kind=MIPS_ADDI rs=0 rt=31 rd=0 imm=0001 target=0
# BRANCH LOAD: seed=1 index=60 code=2002516c kind=MIPS_ADDI rs=0 rt=2 rd=0 imm=516c target=0
# BRANCH LOAD: seed=1 index=61 code=ac020088 kind=MIPS_SW rs=0 rt=2 rd=0 imm=0088 target=0
# BRANCH LOAD: seed=1 index=62 code=00000000 kind=MIPS_SLL rs=0 rt=0 rd=0 imm=0000 target=0
# BRANCH LOAD: seed=1 index=63 code=00000000 kind=MIPS_SLL rs=0 rt=0 rd=0 imm=0000 target=0
# BRANCH LOAD: seed=1 index=64 code=00000000 kind=MIPS_SLL rs=0 rt=0 rd=0 imm=0000 target=0
# BRANCH LOAD: seed=1 index=65 code=00000000 kind=MIPS_SLL rs=0 rt=0 rd=0 imm=0000 target=0
# BRANCH LOAD: seed=1 index=66 code=00000000 kind=MIPS_SLL rs=0 rt=0 rd=0 imm=0000 target=0
# BRANCH BLOCK: seed=1 start=67 scenario=CF_BNE_NOT_TAKEN left=r28 right=r5 result=r8 counter=r23 value=0001 marker=35bb iterations=3
# BRANCH LOAD: seed=1 index=67 code=201c0001 kind=MIPS_ADDI rs=0 rt=28 rd=0 imm=0001 target=0
# BRANCH LOAD: seed=1 index=68 code=20050001 kind=MIPS_ADDI rs=0 rt=5 rd=0 imm=0001 target=0
# BRANCH LOAD: seed=1 index=69 code=17850002 kind=MIPS_BNE rs=28 rt=5 rd=0 imm=0002 target=0
# BRANCH LOAD: seed=1 index=70 code=ac1c000c kind=MIPS_SW rs=0 rt=28 rd=0 imm=000c target=0
# BRANCH LOAD: seed=1 index=71 code=20080001 kind=MIPS_ADDI rs=0 rt=8 rd=0 imm=0001 target=0
# BRANCH LOAD: seed=1 index=72 code=200835bb kind=MIPS_ADDI rs=0 rt=8 rd=0 imm=35bb target=0
# BRANCH LOAD: seed=1 index=73 code=ac08008c kind=MIPS_SW rs=0 rt=8 rd=0 imm=008c target=0
# BRANCH LOAD: seed=1 index=74 code=00000000 kind=MIPS_SLL rs=0 rt=0 rd=0 imm=0000 target=0
# BRANCH LOAD: seed=1 index=75 code=00000000 kind=MIPS_SLL rs=0 rt=0 rd=0 imm=0000 target=0
# BRANCH LOAD: seed=1 index=76 code=00000000 kind=MIPS_SLL rs=0 rt=0 rd=0 imm=0000 target=0
# BRANCH LOAD: seed=1 index=77 code=00000000 kind=MIPS_SLL rs=0 rt=0 rd=0 imm=0000 target=0
# BRANCH LOAD: seed=1 index=78 code=00000000 kind=MIPS_SLL rs=0 rt=0 rd=0 imm=0000 target=0
# BRANCH BLOCK: seed=1 start=79 scenario=CF_JUMP_FORWARD left=r5 right=r15 result=r30 counter=r24 value=8000 marker=3bb2 iterations=2
# BRANCH LOAD: seed=1 index=79 code=20058000 kind=MIPS_ADDI rs=0 rt=5 rd=0 imm=8000 target=0
# BRANCH LOAD: seed=1 index=80 code=08000054 kind=MIPS_J rs=0 rt=0 rd=0 imm=0000 target=84
# BRANCH LOAD: seed=1 index=81 code=ac050010 kind=MIPS_SW rs=0 rt=5 rd=0 imm=0010 target=0
# BRANCH LOAD: seed=1 index=82 code=201f0001 kind=MIPS_ADDI rs=0 rt=31 rd=0 imm=0001 target=0
# BRANCH LOAD: seed=1 index=83 code=201e0001 kind=MIPS_ADDI rs=0 rt=30 rd=0 imm=0001 target=0
# BRANCH LOAD: seed=1 index=84 code=201e3bb2 kind=MIPS_ADDI rs=0 rt=30 rd=0 imm=3bb2 target=0
# BRANCH LOAD: seed=1 index=85 code=ac1e0090 kind=MIPS_SW rs=0 rt=30 rd=0 imm=0090 target=0
# BRANCH LOAD: seed=1 index=86 code=00000000 kind=MIPS_SLL rs=0 rt=0 rd=0 imm=0000 target=0
# BRANCH LOAD: seed=1 index=87 code=00000000 kind=MIPS_SLL rs=0 rt=0 rd=0 imm=0000 target=0
# BRANCH LOAD: seed=1 index=88 code=00000000 kind=MIPS_SLL rs=0 rt=0 rd=0 imm=0000 target=0
# BRANCH LOAD: seed=1 index=89 code=00000000 kind=MIPS_SLL rs=0 rt=0 rd=0 imm=0000 target=0
# BRANCH LOAD: seed=1 index=90 code=00000000 kind=MIPS_SLL rs=0 rt=0 rd=0 imm=0000 target=0
# BRANCH BLOCK: seed=1 start=91 scenario=CF_BOUNDED_LOOP left=r6 right=r9 result=r7 counter=r13 value=d524 marker=229d iterations=4
# BRANCH LOAD: seed=1 index=91 code=200d0004 kind=MIPS_ADDI rs=0 rt=13 rd=0 imm=0004 target=0
# BRANCH LOAD: seed=1 index=92 code=2007229d kind=MIPS_ADDI rs=0 rt=7 rd=0 imm=229d target=0
# BRANCH LOAD: seed=1 index=93 code=20e70001 kind=MIPS_ADDI rs=7 rt=7 rd=0 imm=0001 target=0
# BRANCH LOAD: seed=1 index=94 code=21adffff kind=MIPS_ADDI rs=13 rt=13 rd=0 imm=ffff target=0
# BRANCH LOAD: seed=1 index=95 code=15a0fffd kind=MIPS_BNE rs=13 rt=0 rd=0 imm=fffd target=0
# BRANCH LOAD: seed=1 index=96 code=ac070094 kind=MIPS_SW rs=0 rt=7 rd=0 imm=0094 target=0
# BRANCH LOAD: seed=1 index=97 code=00000000 kind=MIPS_SLL rs=0 rt=0 rd=0 imm=0000 target=0
# BRANCH LOAD: seed=1 index=98 code=00000000 kind=MIPS_SLL rs=0 rt=0 rd=0 imm=0000 target=0
# BRANCH LOAD: seed=1 index=99 code=00000000 kind=MIPS_SLL rs=0 rt=0 rd=0 imm=0000 target=0
# BRANCH LOAD: seed=1 index=100 code=00000000 kind=MIPS_SLL rs=0 rt=0 rd=0 imm=0000 target=0
# BRANCH LOAD: seed=1 index=101 code=00000000 kind=MIPS_SLL rs=0 rt=0 rd=0 imm=0000 target=0
# BRANCH LOAD: seed=1 index=102 code=00000000 kind=MIPS_SLL rs=0 rt=0 rd=0 imm=0000 target=0
# BRANCH BLOCK: seed=1 start=103 scenario=CF_LOAD_BRANCH left=r23 right=r21 result=r20 counter=r7 value=ffff marker=1be0 iterations=3
# BRANCH LOAD: seed=1 index=103 code=2017ffff kind=MIPS_ADDI rs=0 rt=23 rd=0 imm=ffff target=0
# BRANCH LOAD: seed=1 index=104 code=ac170118 kind=MIPS_SW rs=0 rt=23 rd=0 imm=0118 target=0
# BRANCH LOAD: seed=1 index=105 code=8c150118 kind=MIPS_LW rs=0 rt=21 rd=0 imm=0118 target=0
# BRANCH LOAD: seed=1 index=106 code=12b70002 kind=MIPS_BEQ rs=21 rt=23 rd=0 imm=0002 target=0
# BRANCH LOAD: seed=1 index=107 code=ac170018 kind=MIPS_SW rs=0 rt=23 rd=0 imm=0018 target=0
# BRANCH LOAD: seed=1 index=108 code=201f0001 kind=MIPS_ADDI rs=0 rt=31 rd=0 imm=0001 target=0
# BRANCH LOAD: seed=1 index=109 code=20141be0 kind=MIPS_ADDI rs=0 rt=20 rd=0 imm=1be0 target=0
# BRANCH LOAD: seed=1 index=110 code=ac140098 kind=MIPS_SW rs=0 rt=20 rd=0 imm=0098 target=0
# BRANCH LOAD: seed=1 index=111 code=00000000 kind=MIPS_SLL rs=0 rt=0 rd=0 imm=0000 target=0
# BRANCH LOAD: seed=1 index=112 code=00000000 kind=MIPS_SLL rs=0 rt=0 rd=0 imm=0000 target=0
# BRANCH LOAD: seed=1 index=113 code=00000000 kind=MIPS_SLL rs=0 rt=0 rd=0 imm=0000 target=0
# BRANCH LOAD: seed=1 index=114 code=00000000 kind=MIPS_SLL rs=0 rt=0 rd=0 imm=0000 target=0
# BRANCH BLOCK: seed=1 start=115 scenario=CF_BRANCH_OVER_JUMP left=r3 right=r11 result=r4 counter=r18 value=9043 marker=2c91 iterations=1
# BRANCH LOAD: seed=1 index=115 code=20039043 kind=MIPS_ADDI rs=0 rt=3 rd=0 imm=9043 target=0
# BRANCH LOAD: seed=1 index=116 code=200b9043 kind=MIPS_ADDI rs=0 rt=11 rd=0 imm=9043 target=0
# BRANCH LOAD: seed=1 index=117 code=106b0003 kind=MIPS_BEQ rs=3 rt=11 rd=0 imm=0003 target=0
# BRANCH LOAD: seed=1 index=118 code=0800007c kind=MIPS_J rs=0 rt=0 rd=0 imm=0000 target=124
# BRANCH LOAD: seed=1 index=119 code=ac03001c kind=MIPS_SW rs=0 rt=3 rd=0 imm=001c target=0
# BRANCH LOAD: seed=1 index=120 code=201f0001 kind=MIPS_ADDI rs=0 rt=31 rd=0 imm=0001 target=0
# BRANCH LOAD: seed=1 index=121 code=20042c91 kind=MIPS_ADDI rs=0 rt=4 rd=0 imm=2c91 target=0
# BRANCH LOAD: seed=1 index=122 code=0800007e kind=MIPS_J rs=0 rt=0 rd=0 imm=0000 target=126
# BRANCH LOAD: seed=1 index=123 code=ac03001c kind=MIPS_SW rs=0 rt=3 rd=0 imm=001c target=0
# BRANCH LOAD: seed=1 index=124 code=201f0001 kind=MIPS_ADDI rs=0 rt=31 rd=0 imm=0001 target=0
# BRANCH LOAD: seed=1 index=125 code=20040001 kind=MIPS_ADDI rs=0 rt=4 rd=0 imm=0001 target=0
# BRANCH LOAD: seed=1 index=126 code=ac04009c kind=MIPS_SW rs=0 rt=4 rd=0 imm=009c target=0
# BRANCH BLOCK: seed=1 start=127 scenario=CF_BEQ_TAKEN left=r29 right=r19 result=r28 counter=r1 value=32d4 marker=5feb iterations=1
# BRANCH LOAD: seed=1 index=127 code=201d32d4 kind=MIPS_ADDI rs=0 rt=29 rd=0 imm=32d4 target=0
# BRANCH LOAD: seed=1 index=128 code=201332d4 kind=MIPS_ADDI rs=0 rt=19 rd=0 imm=32d4 target=0
# BRANCH LOAD: seed=1 index=129 code=13b30002 kind=MIPS_BEQ rs=29 rt=19 rd=0 imm=0002 target=0
# BRANCH LOAD: seed=1 index=130 code=ac1d0020 kind=MIPS_SW rs=0 rt=29 rd=0 imm=0020 target=0
# BRANCH LOAD: seed=1 index=131 code=201f0001 kind=MIPS_ADDI rs=0 rt=31 rd=0 imm=0001 target=0
# BRANCH LOAD: seed=1 index=132 code=201c5feb kind=MIPS_ADDI rs=0 rt=28 rd=0 imm=5feb target=0
# BRANCH LOAD: seed=1 index=133 code=ac1c00a0 kind=MIPS_SW rs=0 rt=28 rd=0 imm=00a0 target=0
# BRANCH LOAD: seed=1 index=134 code=00000000 kind=MIPS_SLL rs=0 rt=0 rd=0 imm=0000 target=0
# BRANCH LOAD: seed=1 index=135 code=00000000 kind=MIPS_SLL rs=0 rt=0 rd=0 imm=0000 target=0
# BRANCH LOAD: seed=1 index=136 code=00000000 kind=MIPS_SLL rs=0 rt=0 rd=0 imm=0000 target=0
# BRANCH LOAD: seed=1 index=137 code=00000000 kind=MIPS_SLL rs=0 rt=0 rd=0 imm=0000 target=0
# BRANCH LOAD: seed=1 index=138 code=00000000 kind=MIPS_SLL rs=0 rt=0 rd=0 imm=0000 target=0
# BRANCH BLOCK: seed=1 start=139 scenario=CF_BEQ_NOT_TAKEN left=r22 right=r16 result=r25 counter=r20 value=ffff marker=11cf iterations=3
# BRANCH LOAD: seed=1 index=139 code=2016ffff kind=MIPS_ADDI rs=0 rt=22 rd=0 imm=ffff target=0
# BRANCH LOAD: seed=1 index=140 code=2010fffe kind=MIPS_ADDI rs=0 rt=16 rd=0 imm=fffe target=0
# BRANCH LOAD: seed=1 index=141 code=12d00002 kind=MIPS_BEQ rs=22 rt=16 rd=0 imm=0002 target=0
# BRANCH LOAD: seed=1 index=142 code=ac160024 kind=MIPS_SW rs=0 rt=22 rd=0 imm=0024 target=0
# BRANCH LOAD: seed=1 index=143 code=20190001 kind=MIPS_ADDI rs=0 rt=25 rd=0 imm=0001 target=0
# BRANCH LOAD: seed=1 index=144 code=201911cf kind=MIPS_ADDI rs=0 rt=25 rd=0 imm=11cf target=0
# BRANCH LOAD: seed=1 index=145 code=ac1900a4 kind=MIPS_SW rs=0 rt=25 rd=0 imm=00a4 target=0
# BRANCH LOAD: seed=1 index=146 code=00000000 kind=MIPS_SLL rs=0 rt=0 rd=0 imm=0000 target=0
# BRANCH LOAD: seed=1 index=147 code=00000000 kind=MIPS_SLL rs=0 rt=0 rd=0 imm=0000 target=0
# BRANCH LOAD: seed=1 index=148 code=00000000 kind=MIPS_SLL rs=0 rt=0 rd=0 imm=0000 target=0
# BRANCH LOAD: seed=1 index=149 code=00000000 kind=MIPS_SLL rs=0 rt=0 rd=0 imm=0000 target=0
# BRANCH LOAD: seed=1 index=150 code=00000000 kind=MIPS_SLL rs=0 rt=0 rd=0 imm=0000 target=0
# BRANCH BLOCK: seed=1 start=151 scenario=CF_JUMP_FORWARD left=r27 right=r14 result=r22 counter=r15 value=6c58 marker=0d57 iterations=2
# BRANCH LOAD: seed=1 index=151 code=201b6c58 kind=MIPS_ADDI rs=0 rt=27 rd=0 imm=6c58 target=0
# BRANCH LOAD: seed=1 index=152 code=0800009c kind=MIPS_J rs=0 rt=0 rd=0 imm=0000 target=156
# BRANCH LOAD: seed=1 index=153 code=ac1b0028 kind=MIPS_SW rs=0 rt=27 rd=0 imm=0028 target=0
# BRANCH LOAD: seed=1 index=154 code=201f0001 kind=MIPS_ADDI rs=0 rt=31 rd=0 imm=0001 target=0
# BRANCH LOAD: seed=1 index=155 code=20160001 kind=MIPS_ADDI rs=0 rt=22 rd=0 imm=0001 target=0
# BRANCH LOAD: seed=1 index=156 code=20160d57 kind=MIPS_ADDI rs=0 rt=22 rd=0 imm=0d57 target=0
# BRANCH LOAD: seed=1 index=157 code=ac1600a8 kind=MIPS_SW rs=0 rt=22 rd=0 imm=00a8 target=0
# BRANCH LOAD: seed=1 index=158 code=00000000 kind=MIPS_SLL rs=0 rt=0 rd=0 imm=0000 target=0
# BRANCH LOAD: seed=1 index=159 code=00000000 kind=MIPS_SLL rs=0 rt=0 rd=0 imm=0000 target=0
# BRANCH LOAD: seed=1 index=160 code=00000000 kind=MIPS_SLL rs=0 rt=0 rd=0 imm=0000 target=0
# BRANCH LOAD: seed=1 index=161 code=00000000 kind=MIPS_SLL rs=0 rt=0 rd=0 imm=0000 target=0
# BRANCH LOAD: seed=1 index=162 code=00000000 kind=MIPS_SLL rs=0 rt=0 rd=0 imm=0000 target=0
# BRANCH BLOCK: seed=1 start=163 scenario=CF_BEQ_TAKEN left=r7 right=r21 result=r24 counter=r16 value=1004 marker=4b3f iterations=2
# BRANCH LOAD: seed=1 index=163 code=20071004 kind=MIPS_ADDI rs=0 rt=7 rd=0 imm=1004 target=0
# BRANCH LOAD: seed=1 index=164 code=20151004 kind=MIPS_ADDI rs=0 rt=21 rd=0 imm=1004 target=0
# BRANCH LOAD: seed=1 index=165 code=10f50002 kind=MIPS_BEQ rs=7 rt=21 rd=0 imm=0002 target=0
# BRANCH LOAD: seed=1 index=166 code=ac07002c kind=MIPS_SW rs=0 rt=7 rd=0 imm=002c target=0
# BRANCH LOAD: seed=1 index=167 code=201f0001 kind=MIPS_ADDI rs=0 rt=31 rd=0 imm=0001 target=0
# BRANCH LOAD: seed=1 index=168 code=20184b3f kind=MIPS_ADDI rs=0 rt=24 rd=0 imm=4b3f target=0
# BRANCH LOAD: seed=1 index=169 code=ac1800ac kind=MIPS_SW rs=0 rt=24 rd=0 imm=00ac target=0
# BRANCH LOAD: seed=1 index=170 code=00000000 kind=MIPS_SLL rs=0 rt=0 rd=0 imm=0000 target=0
# BRANCH LOAD: seed=1 index=171 code=00000000 kind=MIPS_SLL rs=0 rt=0 rd=0 imm=0000 target=0
# BRANCH LOAD: seed=1 index=172 code=00000000 kind=MIPS_SLL rs=0 rt=0 rd=0 imm=0000 target=0
# BRANCH LOAD: seed=1 index=173 code=00000000 kind=MIPS_SLL rs=0 rt=0 rd=0 imm=0000 target=0
# BRANCH LOAD: seed=1 index=174 code=00000000 kind=MIPS_SLL rs=0 rt=0 rd=0 imm=0000 target=0
# RANDOM BRANCH TEST PASS: seed=1 blocks=12 words=175 randomizations=43 model_steps=162 checks=295 taken=9 not_taken=4 jumps=3 stalls=1 loads=1 stores=16
# ** Note: $finish    : /home/s23521611/project/mips/mips_school/tb/tb_mips_random_branch.sv(299)
#    Time: 1950 ns  Iteration: 1  Instance: /tb_mips_coverage/branch/test
# Break in Module tb_mips_random_branch at /home/s23521611/project/mips/mips_school/tb/tb_mips_random_branch.sv line 299
# Stopped at /home/s23521611/project/mips/mips_school/tb/tb_mips_random_branch.sv line 299
# COVERAGE RUN RESULT: name=branch_seed_1 completed=1 errors=0 signal_errors=0 monitor_errors=0 checks=295 sampled_events=162 model_steps=162
# COVERAGE RUN PASS: branch_seed_1
# End time: 15:00:05 on Oct 09,2026, Elapsed time: 0:00:03
# Errors: 0, Warnings: 1
# vsim -coverage -voptargs="+acc" -onfinish stop -lib /home/s23521611/project/mips/mips_school/tb/functional_coverage_run/coverage_work tb_mips_coverage "+SEED=7" "+RANDOM_WORDS=64" -gFAMILY=1 
# Start time: 15:00:05 on Oct 09,2026
# ** Note: (vsim-8009) Loading existing optimized design _opt1
# Loading sv_std.std
# Loading work.tb_mips_coverage(fast)
# Loading work.mips_instruction_pkg(fast)
# Loading work.mips_random_pkg(fast)
# Loading work.mips_reference_pkg(fast)
# Loading work.mips_scoreboard_pkg(fast)
# Loading work.tb_mips_random_alu(fast)
# Loading work.toplevel(fast)
# Loading work.PC(fast)
# Loading work.IMEM(fast)
# Loading work.IF_ID_reg(fast)
# Loading work.Controller(fast)
# Loading work.RegisterFile(fast)
# Loading work.Extender(fast)
# Loading work.HazardDetection(fast)
# Loading work.ID_EX_reg(fast)
# Loading work.Forwarding(fast)
# Loading work.ALUControl(fast)
# Loading work.ALU(fast)
# Loading work.EX_MEM_reg(fast)
# Loading work.DMEM(fast)
# Loading work.MEM_WB_reg(fast)
# Loading work.mips_coverage_pkg(fast)
# Loading work.mips_coverage_monitor(fast)
# ** Warning: (vsim-8634) Code was not compiled with coverage options.
# RANDOM LOAD: seed=7 index=0 code=20017fff kind=MIPS_ADDI rs=0 rt=1 rd=0 imm=7fff shamt=0
# RANDOM LOAD: seed=7 index=1 code=20020000 kind=MIPS_ADDI rs=0 rt=2 rd=0 imm=0000 shamt=0
# RANDOM LOAD: seed=7 index=2 code=20037fff kind=MIPS_ADDI rs=0 rt=3 rd=0 imm=7fff shamt=0
# RANDOM LOAD: seed=7 index=3 code=20047fff kind=MIPS_ADDI rs=0 rt=4 rd=0 imm=7fff shamt=0
# RANDOM LOAD: seed=7 index=4 code=20058000 kind=MIPS_ADDI rs=0 rt=5 rd=0 imm=8000 shamt=0
# RANDOM LOAD: seed=7 index=5 code=20067fff kind=MIPS_ADDI rs=0 rt=6 rd=0 imm=7fff shamt=0
# RANDOM LOAD: seed=7 index=6 code=2007d3bc kind=MIPS_ADDI rs=0 rt=7 rd=0 imm=d3bc shamt=0
# RANDOM LOAD: seed=7 index=7 code=2008ffff kind=MIPS_ADDI rs=0 rt=8 rd=0 imm=ffff shamt=0
# RANDOM LOAD: seed=7 index=8 code=2009ffff kind=MIPS_ADDI rs=0 rt=9 rd=0 imm=ffff shamt=0
# RANDOM LOAD: seed=7 index=9 code=200ad589 kind=MIPS_ADDI rs=0 rt=10 rd=0 imm=d589 shamt=0
# RANDOM LOAD: seed=7 index=10 code=200b0000 kind=MIPS_ADDI rs=0 rt=11 rd=0 imm=0000 shamt=0
# RANDOM LOAD: seed=7 index=11 code=200c7fff kind=MIPS_ADDI rs=0 rt=12 rd=0 imm=7fff shamt=0
# RANDOM LOAD: seed=7 index=12 code=200dffff kind=MIPS_ADDI rs=0 rt=13 rd=0 imm=ffff shamt=0
# RANDOM LOAD: seed=7 index=13 code=200e8000 kind=MIPS_ADDI rs=0 rt=14 rd=0 imm=8000 shamt=0
# RANDOM LOAD: seed=7 index=14 code=200f8000 kind=MIPS_ADDI rs=0 rt=15 rd=0 imm=8000 shamt=0
# RANDOM LOAD: seed=7 index=15 code=20106efe kind=MIPS_ADDI rs=0 rt=16 rd=0 imm=6efe shamt=0
# RANDOM LOAD: seed=7 index=16 code=20118000 kind=MIPS_ADDI rs=0 rt=17 rd=0 imm=8000 shamt=0
# RANDOM LOAD: seed=7 index=17 code=2012ffff kind=MIPS_ADDI rs=0 rt=18 rd=0 imm=ffff shamt=0
# RANDOM LOAD: seed=7 index=18 code=20137fff kind=MIPS_ADDI rs=0 rt=19 rd=0 imm=7fff shamt=0
# RANDOM LOAD: seed=7 index=19 code=20140000 kind=MIPS_ADDI rs=0 rt=20 rd=0 imm=0000 shamt=0
# RANDOM LOAD: seed=7 index=20 code=20158000 kind=MIPS_ADDI rs=0 rt=21 rd=0 imm=8000 shamt=0
# RANDOM LOAD: seed=7 index=21 code=201683d2 kind=MIPS_ADDI rs=0 rt=22 rd=0 imm=83d2 shamt=0
# RANDOM LOAD: seed=7 index=22 code=2017ffff kind=MIPS_ADDI rs=0 rt=23 rd=0 imm=ffff shamt=0
# RANDOM LOAD: seed=7 index=23 code=20187fff kind=MIPS_ADDI rs=0 rt=24 rd=0 imm=7fff shamt=0
# RANDOM LOAD: seed=7 index=24 code=2019068a kind=MIPS_ADDI rs=0 rt=25 rd=0 imm=068a shamt=0
# RANDOM LOAD: seed=7 index=25 code=201affff kind=MIPS_ADDI rs=0 rt=26 rd=0 imm=ffff shamt=0
# RANDOM LOAD: seed=7 index=26 code=201b8000 kind=MIPS_ADDI rs=0 rt=27 rd=0 imm=8000 shamt=0
# RANDOM LOAD: seed=7 index=27 code=201c7fff kind=MIPS_ADDI rs=0 rt=28 rd=0 imm=7fff shamt=0
# RANDOM LOAD: seed=7 index=28 code=201d0000 kind=MIPS_ADDI rs=0 rt=29 rd=0 imm=0000 shamt=0
# RANDOM LOAD: seed=7 index=29 code=201e7fff kind=MIPS_ADDI rs=0 rt=30 rd=0 imm=7fff shamt=0
# RANDOM LOAD: seed=7 index=30 code=201fab5b kind=MIPS_ADDI rs=0 rt=31 rd=0 imm=ab5b shamt=0
# RANDOM LOAD: seed=7 index=31 code=02580022 kind=MIPS_SUB rs=18 rt=24 rd=0 imm=0000 shamt=0
# RANDOM LOAD: seed=7 index=32 code=00887027 kind=MIPS_NOR rs=4 rt=8 rd=14 imm=0000 shamt=0
# RANDOM LOAD: seed=7 index=33 code=21648000 kind=MIPS_ADDI rs=11 rt=4 rd=0 imm=8000 shamt=0
# RANDOM LOAD: seed=7 index=34 code=000a2840 kind=MIPS_SLL rs=0 rt=10 rd=5 imm=0000 shamt=1
# RANDOM LOAD: seed=7 index=35 code=21960001 kind=MIPS_ADDI rs=12 rt=22 rd=0 imm=0001 shamt=0
# RANDOM LOAD: seed=7 index=36 code=037a6820 kind=MIPS_ADD rs=27 rt=26 rd=13 imm=0000 shamt=0
# RANDOM LOAD: seed=7 index=37 code=03442027 kind=MIPS_NOR rs=26 rt=4 rd=4 imm=0000 shamt=0
# RANDOM LOAD: seed=7 index=38 code=02429026 kind=MIPS_XOR rs=18 rt=2 rd=18 imm=0000 shamt=0
# RANDOM LOAD: seed=7 index=39 code=362d0000 kind=MIPS_ORI rs=17 rt=13 rd=0 imm=0000 shamt=0
# RANDOM LOAD: seed=7 index=40 code=306e8000 kind=MIPS_ANDI rs=3 rt=14 rd=0 imm=8000 shamt=0
# RANDOM LOAD: seed=7 index=41 code=31a10000 kind=MIPS_ANDI rs=13 rt=1 rd=0 imm=0000 shamt=0
# RANDOM LOAD: seed=7 index=42 code=000cd9c2 kind=MIPS_SRL rs=0 rt=12 rd=27 imm=0000 shamt=7
# RANDOM LOAD: seed=7 index=43 code=001611c2 kind=MIPS_SRL rs=0 rt=22 rd=2 imm=0000 shamt=7
# RANDOM LOAD: seed=7 index=44 code=00a5982a kind=MIPS_SLT rs=5 rt=5 rd=19 imm=0000 shamt=0
# RANDOM LOAD: seed=7 index=45 code=02478820 kind=MIPS_ADD rs=18 rt=7 rd=17 imm=0000 shamt=0
# RANDOM LOAD: seed=7 index=46 code=37db33dc kind=MIPS_ORI rs=30 rt=27 rd=0 imm=33dc shamt=0
# RANDOM LOAD: seed=7 index=47 code=03aa0026 kind=MIPS_XOR rs=29 rt=10 rd=0 imm=0000 shamt=0
# RANDOM LOAD: seed=7 index=48 code=009e8827 kind=MIPS_NOR rs=4 rt=30 rd=17 imm=0000 shamt=0
# RANDOM LOAD: seed=7 index=49 code=03ef882a kind=MIPS_SLT rs=31 rt=15 rd=17 imm=0000 shamt=0
# RANDOM LOAD: seed=7 index=50 code=008c5024 kind=MIPS_AND rs=4 rt=12 rd=10 imm=0000 shamt=0
# RANDOM LOAD: seed=7 index=51 code=03f40024 kind=MIPS_AND rs=31 rt=20 rd=0 imm=0000 shamt=0
# RANDOM LOAD: seed=7 index=52 code=00128802 kind=MIPS_SRL rs=0 rt=18 rd=17 imm=0000 shamt=0
# RANDOM LOAD: seed=7 index=53 code=025de826 kind=MIPS_XOR rs=18 rt=29 rd=29 imm=0000 shamt=0
# RANDOM LOAD: seed=7 index=54 code=02f9b820 kind=MIPS_ADD rs=23 rt=25 rd=23 imm=0000 shamt=0
# RANDOM LOAD: seed=7 index=55 code=016a6025 kind=MIPS_OR rs=11 rt=10 rd=12 imm=0000 shamt=0
# RANDOM LOAD: seed=7 index=56 code=00e04025 kind=MIPS_OR rs=7 rt=0 rd=8 imm=0000 shamt=0
# RANDOM LOAD: seed=7 index=57 code=338b8000 kind=MIPS_ANDI rs=28 rt=11 rd=0 imm=8000 shamt=0
# RANDOM LOAD: seed=7 index=58 code=039b8820 kind=MIPS_ADD rs=28 rt=27 rd=17 imm=0000 shamt=0
# RANDOM LOAD: seed=7 index=59 code=001cb182 kind=MIPS_SRL rs=0 rt=28 rd=22 imm=0000 shamt=6
# RANDOM LOAD: seed=7 index=60 code=000d77c2 kind=MIPS_SRL rs=0 rt=13 rd=14 imm=0000 shamt=31
# RANDOM LOAD: seed=7 index=61 code=00e8f824 kind=MIPS_AND rs=7 rt=8 rd=31 imm=0000 shamt=0
# RANDOM LOAD: seed=7 index=62 code=01780826 kind=MIPS_XOR rs=11 rt=24 rd=1 imm=0000 shamt=0
# RANDOM LOAD: seed=7 index=63 code=0295082a kind=MIPS_SLT rs=20 rt=21 rd=1 imm=0000 shamt=0
# RANDOM LOAD: seed=7 index=64 code=0140202a kind=MIPS_SLT rs=10 rt=0 rd=4 imm=0000 shamt=0
# RANDOM LOAD: seed=7 index=65 code=000aa700 kind=MIPS_SLL rs=0 rt=10 rd=20 imm=0000 shamt=28
# RANDOM LOAD: seed=7 index=66 code=02802027 kind=MIPS_NOR rs=20 rt=0 rd=4 imm=0000 shamt=0
# RANDOM LOAD: seed=7 index=67 code=0172c822 kind=MIPS_SUB rs=11 rt=18 rd=25 imm=0000 shamt=0
# RANDOM LOAD: seed=7 index=68 code=01b2a827 kind=MIPS_NOR rs=13 rt=18 rd=21 imm=0000 shamt=0
# RANDOM LOAD: seed=7 index=69 code=00865020 kind=MIPS_ADD rs=4 rt=6 rd=10 imm=0000 shamt=0
# RANDOM LOAD: seed=7 index=70 code=33e07fff kind=MIPS_ANDI rs=31 rt=0 rd=0 imm=7fff shamt=0
# RANDOM LOAD: seed=7 index=71 code=0326c025 kind=MIPS_OR rs=25 rt=6 rd=24 imm=0000 shamt=0
# RANDOM LOAD: seed=7 index=72 code=001f65c2 kind=MIPS_SRL rs=0 rt=31 rd=12 imm=0000 shamt=23
# RANDOM LOAD: seed=7 index=73 code=02ab9825 kind=MIPS_OR rs=21 rt=11 rd=19 imm=0000 shamt=0
# RANDOM LOAD: seed=7 index=74 code=01e7102a kind=MIPS_SLT rs=15 rt=7 rd=2 imm=0000 shamt=0
# RANDOM LOAD: seed=7 index=75 code=02bac82a kind=MIPS_SLT rs=21 rt=26 rd=25 imm=0000 shamt=0
# RANDOM LOAD: seed=7 index=76 code=3110ffff kind=MIPS_ANDI rs=8 rt=16 rd=0 imm=ffff shamt=0
# RANDOM LOAD: seed=7 index=77 code=321effff kind=MIPS_ANDI rs=16 rt=30 rd=0 imm=ffff shamt=0
# RANDOM LOAD: seed=7 index=78 code=0002e7c0 kind=MIPS_SLL rs=0 rt=2 rd=28 imm=0000 shamt=31
# RANDOM LOAD: seed=7 index=79 code=03af3026 kind=MIPS_XOR rs=29 rt=15 rd=6 imm=0000 shamt=0
# RANDOM LOAD: seed=7 index=80 code=01d2282a kind=MIPS_SLT rs=14 rt=18 rd=5 imm=0000 shamt=0
# RANDOM LOAD: seed=7 index=81 code=02e5e022 kind=MIPS_SUB rs=23 rt=5 rd=28 imm=0000 shamt=0
# RANDOM LOAD: seed=7 index=82 code=01e73826 kind=MIPS_XOR rs=15 rt=7 rd=7 imm=0000 shamt=0
# RANDOM LOAD: seed=7 index=83 code=01c76025 kind=MIPS_OR rs=14 rt=7 rd=12 imm=0000 shamt=0
# RANDOM LOAD: seed=7 index=84 code=023d8826 kind=MIPS_XOR rs=17 rt=29 rd=17 imm=0000 shamt=0
# RANDOM LOAD: seed=7 index=85 code=3575381c kind=MIPS_ORI rs=11 rt=21 rd=0 imm=381c shamt=0
# RANDOM LOAD: seed=7 index=86 code=0197d827 kind=MIPS_NOR rs=12 rt=23 rd=27 imm=0000 shamt=0
# RANDOM LOAD: seed=7 index=87 code=01502820 kind=MIPS_ADD rs=10 rt=16 rd=5 imm=0000 shamt=0
# RANDOM LOAD: seed=7 index=88 code=321e0000 kind=MIPS_ANDI rs=16 rt=30 rd=0 imm=0000 shamt=0
# RANDOM LOAD: seed=7 index=89 code=0005b380 kind=MIPS_SLL rs=0 rt=5 rd=22 imm=0000 shamt=14
# RANDOM LOAD: seed=7 index=90 code=00674820 kind=MIPS_ADD rs=3 rt=7 rd=9 imm=0000 shamt=0
# RANDOM LOAD: seed=7 index=91 code=03001825 kind=MIPS_OR rs=24 rt=0 rd=3 imm=0000 shamt=0
# RANDOM LOAD: seed=7 index=92 code=01fb2020 kind=MIPS_ADD rs=15 rt=27 rd=4 imm=0000 shamt=0
# RANDOM LOAD: seed=7 index=93 code=000cdd42 kind=MIPS_SRL rs=0 rt=12 rd=27 imm=0000 shamt=21
# RANDOM LOAD: seed=7 index=94 code=039e402a kind=MIPS_SLT rs=28 rt=30 rd=8 imm=0000 shamt=0
# RANDOM ALU TEST PASS: seed=7 program_words=95 random_words=64 randomizations=95 model_steps=95 checks=293 writes=91 stalls=0
# ** Note: $finish    : /home/s23521611/project/mips/mips_school/tb/tb_mips_random_alu.sv(140)
#    Time: 1060 ns  Iteration: 1  Instance: /tb_mips_coverage/alu/test
# Break in Module tb_mips_random_alu at /home/s23521611/project/mips/mips_school/tb/tb_mips_random_alu.sv line 140
# Stopped at /home/s23521611/project/mips/mips_school/tb/tb_mips_random_alu.sv line 140
# COVERAGE RUN RESULT: name=alu_seed_7 completed=1 errors=0 signal_errors=0 monitor_errors=0 checks=293 sampled_events=95 model_steps=95
# COVERAGE RUN PASS: alu_seed_7
# End time: 15:00:08 on Oct 09,2026, Elapsed time: 0:00:03
# Errors: 0, Warnings: 1
# vsim -coverage -voptargs="+acc" -onfinish stop -lib /home/s23521611/project/mips/mips_school/tb/functional_coverage_run/coverage_work tb_mips_coverage "+SEED=7" "+RANDOM_BLOCKS=16" -gFAMILY=2 
# Start time: 15:00:08 on Oct 09,2026
# ** Note: (vsim-8009) Loading existing optimized design _opt2
# Loading sv_std.std
# Loading work.tb_mips_coverage(fast)
# Loading work.mips_random_memory_pkg(fast)
# Loading work.mips_instruction_pkg(fast)
# Loading work.mips_random_pkg(fast)
# Loading work.mips_reference_pkg(fast)
# Loading work.mips_scoreboard_pkg(fast)
# Loading work.tb_mips_random_memory(fast)
# Loading work.toplevel(fast)
# Loading work.PC(fast)
# Loading work.IMEM(fast)
# Loading work.IF_ID_reg(fast)
# Loading work.Controller(fast)
# Loading work.RegisterFile(fast)
# Loading work.Extender(fast)
# Loading work.HazardDetection(fast)
# Loading work.ID_EX_reg(fast)
# Loading work.Forwarding(fast)
# Loading work.ALUControl(fast)
# Loading work.ALU(fast)
# Loading work.EX_MEM_reg(fast)
# Loading work.DMEM(fast)
# Loading work.MEM_WB_reg(fast)
# Loading work.mips_coverage_pkg(fast)
# Loading work.mips_coverage_monitor(fast)
# ** Warning: (vsim-8634) Code was not compiled with coverage options.
# MEMORY LOAD: seed=7 index=0 code=20017fff kind=MIPS_ADDI rs=0 rt=1 rd=0 imm=7fff
# MEMORY LOAD: seed=7 index=1 code=20020000 kind=MIPS_ADDI rs=0 rt=2 rd=0 imm=0000
# MEMORY LOAD: seed=7 index=2 code=20037fff kind=MIPS_ADDI rs=0 rt=3 rd=0 imm=7fff
# MEMORY LOAD: seed=7 index=3 code=20047fff kind=MIPS_ADDI rs=0 rt=4 rd=0 imm=7fff
# MEMORY LOAD: seed=7 index=4 code=20058000 kind=MIPS_ADDI rs=0 rt=5 rd=0 imm=8000
# MEMORY LOAD: seed=7 index=5 code=20067fff kind=MIPS_ADDI rs=0 rt=6 rd=0 imm=7fff
# MEMORY LOAD: seed=7 index=6 code=2007d3bc kind=MIPS_ADDI rs=0 rt=7 rd=0 imm=d3bc
# MEMORY LOAD: seed=7 index=7 code=2008ffff kind=MIPS_ADDI rs=0 rt=8 rd=0 imm=ffff
# MEMORY LOAD: seed=7 index=8 code=2009ffff kind=MIPS_ADDI rs=0 rt=9 rd=0 imm=ffff
# MEMORY LOAD: seed=7 index=9 code=200ad589 kind=MIPS_ADDI rs=0 rt=10 rd=0 imm=d589
# MEMORY LOAD: seed=7 index=10 code=200b0000 kind=MIPS_ADDI rs=0 rt=11 rd=0 imm=0000
# MEMORY LOAD: seed=7 index=11 code=200c7fff kind=MIPS_ADDI rs=0 rt=12 rd=0 imm=7fff
# MEMORY LOAD: seed=7 index=12 code=200dffff kind=MIPS_ADDI rs=0 rt=13 rd=0 imm=ffff
# MEMORY LOAD: seed=7 index=13 code=200e8000 kind=MIPS_ADDI rs=0 rt=14 rd=0 imm=8000
# MEMORY LOAD: seed=7 index=14 code=200f8000 kind=MIPS_ADDI rs=0 rt=15 rd=0 imm=8000
# MEMORY LOAD: seed=7 index=15 code=20106efe kind=MIPS_ADDI rs=0 rt=16 rd=0 imm=6efe
# MEMORY LOAD: seed=7 index=16 code=20118000 kind=MIPS_ADDI rs=0 rt=17 rd=0 imm=8000
# MEMORY LOAD: seed=7 index=17 code=2012ffff kind=MIPS_ADDI rs=0 rt=18 rd=0 imm=ffff
# MEMORY LOAD: seed=7 index=18 code=20137fff kind=MIPS_ADDI rs=0 rt=19 rd=0 imm=7fff
# MEMORY LOAD: seed=7 index=19 code=20140000 kind=MIPS_ADDI rs=0 rt=20 rd=0 imm=0000
# MEMORY LOAD: seed=7 index=20 code=20158000 kind=MIPS_ADDI rs=0 rt=21 rd=0 imm=8000
# MEMORY LOAD: seed=7 index=21 code=201683d2 kind=MIPS_ADDI rs=0 rt=22 rd=0 imm=83d2
# MEMORY LOAD: seed=7 index=22 code=2017ffff kind=MIPS_ADDI rs=0 rt=23 rd=0 imm=ffff
# MEMORY LOAD: seed=7 index=23 code=20187fff kind=MIPS_ADDI rs=0 rt=24 rd=0 imm=7fff
# MEMORY LOAD: seed=7 index=24 code=2019068a kind=MIPS_ADDI rs=0 rt=25 rd=0 imm=068a
# MEMORY LOAD: seed=7 index=25 code=201affff kind=MIPS_ADDI rs=0 rt=26 rd=0 imm=ffff
# MEMORY LOAD: seed=7 index=26 code=201b8000 kind=MIPS_ADDI rs=0 rt=27 rd=0 imm=8000
# MEMORY LOAD: seed=7 index=27 code=201c7fff kind=MIPS_ADDI rs=0 rt=28 rd=0 imm=7fff
# MEMORY LOAD: seed=7 index=28 code=201d0000 kind=MIPS_ADDI rs=0 rt=29 rd=0 imm=0000
# MEMORY LOAD: seed=7 index=29 code=201e7fff kind=MIPS_ADDI rs=0 rt=30 rd=0 imm=7fff
# MEMORY LOAD: seed=7 index=30 code=201f0200 kind=MIPS_ADDI rs=0 rt=31 rd=0 imm=0200
# MEMORY BLOCK: seed=7 start=31 scenario=MEM_LOAD_USE_RS word=122 source=r19 load=r16 result=r21
# MEMORY LOAD: seed=7 index=31 code=aff3ffe8 kind=MIPS_SW rs=31 rt=19 rd=0 imm=ffe8
# MEMORY LOAD: seed=7 index=32 code=8ff0ffe8 kind=MIPS_LW rs=31 rt=16 rd=0 imm=ffe8
# MEMORY LOAD: seed=7 index=33 code=0213a820 kind=MIPS_ADD rs=16 rt=19 rd=21 imm=0000
# MEMORY LOAD: seed=7 index=34 code=aff5ffe8 kind=MIPS_SW rs=31 rt=21 rd=0 imm=ffe8
# MEMORY LOAD: seed=7 index=35 code=8ff0ffe8 kind=MIPS_LW rs=31 rt=16 rd=0 imm=ffe8
# MEMORY LOAD: seed=7 index=36 code=0270a826 kind=MIPS_XOR rs=19 rt=16 rd=21 imm=0000
# MEMORY BLOCK: seed=7 start=37 scenario=MEM_LOAD_STORE_DATA word=254 source=r23 load=r5 result=r25
# MEMORY LOAD: seed=7 index=37 code=aff701f8 kind=MIPS_SW rs=31 rt=23 rd=0 imm=01f8
# MEMORY LOAD: seed=7 index=38 code=8fe501f8 kind=MIPS_LW rs=31 rt=5 rd=0 imm=01f8
# MEMORY LOAD: seed=7 index=39 code=afe501fc kind=MIPS_SW rs=31 rt=5 rd=0 imm=01fc
# MEMORY LOAD: seed=7 index=40 code=8ff901fc kind=MIPS_LW rs=31 rt=25 rd=0 imm=01fc
# MEMORY LOAD: seed=7 index=41 code=03372820 kind=MIPS_ADD rs=25 rt=23 rd=5 imm=0000
# MEMORY LOAD: seed=7 index=42 code=afe501f8 kind=MIPS_SW rs=31 rt=5 rd=0 imm=01f8
# MEMORY BLOCK: seed=7 start=43 scenario=MEM_LOAD_ONE_GAP word=194 source=r28 load=r17 result=r19
# MEMORY LOAD: seed=7 index=43 code=affc0108 kind=MIPS_SW rs=31 rt=28 rd=0 imm=0108
# MEMORY LOAD: seed=7 index=44 code=8ff10108 kind=MIPS_LW rs=31 rt=17 rd=0 imm=0108
# MEMORY LOAD: seed=7 index=45 code=039c9820 kind=MIPS_ADD rs=28 rt=28 rd=19 imm=0000
# MEMORY LOAD: seed=7 index=46 code=023c9826 kind=MIPS_XOR rs=17 rt=28 rd=19 imm=0000
# MEMORY LOAD: seed=7 index=47 code=aff3010c kind=MIPS_SW rs=31 rt=19 rd=0 imm=010c
# MEMORY LOAD: seed=7 index=48 code=03919825 kind=MIPS_OR rs=28 rt=17 rd=19 imm=0000
# MEMORY BLOCK: seed=7 start=49 scenario=MEM_LOAD_ZERO word=162 source=r28 load=r4 result=r10
# MEMORY LOAD: seed=7 index=49 code=affc0088 kind=MIPS_SW rs=31 rt=28 rd=0 imm=0088
# MEMORY LOAD: seed=7 index=50 code=8fe00088 kind=MIPS_LW rs=31 rt=0 rd=0 imm=0088
# MEMORY LOAD: seed=7 index=51 code=001c5020 kind=MIPS_ADD rs=0 rt=28 rd=10 imm=0000
# MEMORY LOAD: seed=7 index=52 code=afea008c kind=MIPS_SW rs=31 rt=10 rd=0 imm=008c
# MEMORY LOAD: seed=7 index=53 code=8fe4008c kind=MIPS_LW rs=31 rt=4 rd=0 imm=008c
# MEMORY LOAD: seed=7 index=54 code=afe40088 kind=MIPS_SW rs=31 rt=4 rd=0 imm=0088
# MEMORY BLOCK: seed=7 start=55 scenario=MEM_LOAD_STORE_DATA word=34 source=r2 load=r9 result=r25
# MEMORY LOAD: seed=7 index=55 code=afe2fe88 kind=MIPS_SW rs=31 rt=2 rd=0 imm=fe88
# MEMORY LOAD: seed=7 index=56 code=8fe9fe88 kind=MIPS_LW rs=31 rt=9 rd=0 imm=fe88
# MEMORY LOAD: seed=7 index=57 code=afe9fe8c kind=MIPS_SW rs=31 rt=9 rd=0 imm=fe8c
# MEMORY LOAD: seed=7 index=58 code=8ff9fe8c kind=MIPS_LW rs=31 rt=25 rd=0 imm=fe8c
# MEMORY LOAD: seed=7 index=59 code=03224820 kind=MIPS_ADD rs=25 rt=2 rd=9 imm=0000
# MEMORY LOAD: seed=7 index=60 code=afe9fe88 kind=MIPS_SW rs=31 rt=9 rd=0 imm=fe88
# MEMORY BLOCK: seed=7 start=61 scenario=MEM_LOAD_ONE_GAP word=146 source=r19 load=r16 result=r22
# MEMORY LOAD: seed=7 index=61 code=aff30048 kind=MIPS_SW rs=31 rt=19 rd=0 imm=0048
# MEMORY LOAD: seed=7 index=62 code=8ff00048 kind=MIPS_LW rs=31 rt=16 rd=0 imm=0048
# MEMORY LOAD: seed=7 index=63 code=0273b020 kind=MIPS_ADD rs=19 rt=19 rd=22 imm=0000
# MEMORY LOAD: seed=7 index=64 code=0213b026 kind=MIPS_XOR rs=16 rt=19 rd=22 imm=0000
# MEMORY LOAD: seed=7 index=65 code=aff6004c kind=MIPS_SW rs=31 rt=22 rd=0 imm=004c
# MEMORY LOAD: seed=7 index=66 code=0270b025 kind=MIPS_OR rs=19 rt=16 rd=22 imm=0000
# MEMORY BLOCK: seed=7 start=67 scenario=MEM_LOAD_USE_RS word=127 source=r25 load=r6 result=r11
# MEMORY LOAD: seed=7 index=67 code=aff9fffc kind=MIPS_SW rs=31 rt=25 rd=0 imm=fffc
# MEMORY LOAD: seed=7 index=68 code=8fe6fffc kind=MIPS_LW rs=31 rt=6 rd=0 imm=fffc
# MEMORY LOAD: seed=7 index=69 code=00d95820 kind=MIPS_ADD rs=6 rt=25 rd=11 imm=0000
# MEMORY LOAD: seed=7 index=70 code=afebfffc kind=MIPS_SW rs=31 rt=11 rd=0 imm=fffc
# MEMORY LOAD: seed=7 index=71 code=8fe6fffc kind=MIPS_LW rs=31 rt=6 rd=0 imm=fffc
# MEMORY LOAD: seed=7 index=72 code=03265826 kind=MIPS_XOR rs=25 rt=6 rd=11 imm=0000
# MEMORY BLOCK: seed=7 start=73 scenario=MEM_LOAD_ONE_GAP word=115 source=r3 load=r4 result=r16
# MEMORY LOAD: seed=7 index=73 code=afe3ffcc kind=MIPS_SW rs=31 rt=3 rd=0 imm=ffcc
# MEMORY LOAD: seed=7 index=74 code=8fe4ffcc kind=MIPS_LW rs=31 rt=4 rd=0 imm=ffcc
# MEMORY LOAD: seed=7 index=75 code=00638020 kind=MIPS_ADD rs=3 rt=3 rd=16 imm=0000
# MEMORY LOAD: seed=7 index=76 code=00838026 kind=MIPS_XOR rs=4 rt=3 rd=16 imm=0000
# MEMORY LOAD: seed=7 index=77 code=aff0ffc8 kind=MIPS_SW rs=31 rt=16 rd=0 imm=ffc8
# MEMORY LOAD: seed=7 index=78 code=00648025 kind=MIPS_OR rs=3 rt=4 rd=16 imm=0000
# MEMORY BLOCK: seed=7 start=79 scenario=MEM_LOAD_USE_RS word=254 source=r20 load=r21 result=r8
# MEMORY LOAD: seed=7 index=79 code=aff401f8 kind=MIPS_SW rs=31 rt=20 rd=0 imm=01f8
# MEMORY LOAD: seed=7 index=80 code=8ff501f8 kind=MIPS_LW rs=31 rt=21 rd=0 imm=01f8
# MEMORY LOAD: seed=7 index=81 code=02b44020 kind=MIPS_ADD rs=21 rt=20 rd=8 imm=0000
# MEMORY LOAD: seed=7 index=82 code=afe801f8 kind=MIPS_SW rs=31 rt=8 rd=0 imm=01f8
# MEMORY LOAD: seed=7 index=83 code=8ff501f8 kind=MIPS_LW rs=31 rt=21 rd=0 imm=01f8
# MEMORY LOAD: seed=7 index=84 code=02954026 kind=MIPS_XOR rs=20 rt=21 rd=8 imm=0000
# MEMORY BLOCK: seed=7 start=85 scenario=MEM_LOAD_ZERO word=254 source=r6 load=r3 result=r7
# MEMORY LOAD: seed=7 index=85 code=afe601f8 kind=MIPS_SW rs=31 rt=6 rd=0 imm=01f8
# MEMORY LOAD: seed=7 index=86 code=8fe001f8 kind=MIPS_LW rs=31 rt=0 rd=0 imm=01f8
# MEMORY LOAD: seed=7 index=87 code=00063820 kind=MIPS_ADD rs=0 rt=6 rd=7 imm=0000
# MEMORY LOAD: seed=7 index=88 code=afe701fc kind=MIPS_SW rs=31 rt=7 rd=0 imm=01fc
# MEMORY LOAD: seed=7 index=89 code=8fe301fc kind=MIPS_LW rs=31 rt=3 rd=0 imm=01fc
# MEMORY LOAD: seed=7 index=90 code=afe301f8 kind=MIPS_SW rs=31 rt=3 rd=0 imm=01f8
# MEMORY BLOCK: seed=7 start=91 scenario=MEM_LOAD_STORE_DATA word=170 source=r27 load=r10 result=r18
# MEMORY LOAD: seed=7 index=91 code=affb00a8 kind=MIPS_SW rs=31 rt=27 rd=0 imm=00a8
# MEMORY LOAD: seed=7 index=92 code=8fea00a8 kind=MIPS_LW rs=31 rt=10 rd=0 imm=00a8
# MEMORY LOAD: seed=7 index=93 code=afea00ac kind=MIPS_SW rs=31 rt=10 rd=0 imm=00ac
# MEMORY LOAD: seed=7 index=94 code=8ff200ac kind=MIPS_LW rs=31 rt=18 rd=0 imm=00ac
# MEMORY LOAD: seed=7 index=95 code=025b5020 kind=MIPS_ADD rs=18 rt=27 rd=10 imm=0000
# MEMORY LOAD: seed=7 index=96 code=afea00a8 kind=MIPS_SW rs=31 rt=10 rd=0 imm=00a8
# MEMORY BLOCK: seed=7 start=97 scenario=MEM_LOAD_ONE_GAP word=61 source=r4 load=r27 result=r5
# MEMORY LOAD: seed=7 index=97 code=afe4fef4 kind=MIPS_SW rs=31 rt=4 rd=0 imm=fef4
# MEMORY LOAD: seed=7 index=98 code=8ffbfef4 kind=MIPS_LW rs=31 rt=27 rd=0 imm=fef4
# MEMORY LOAD: seed=7 index=99 code=00842820 kind=MIPS_ADD rs=4 rt=4 rd=5 imm=0000
# MEMORY LOAD: seed=7 index=100 code=03642826 kind=MIPS_XOR rs=27 rt=4 rd=5 imm=0000
# MEMORY LOAD: seed=7 index=101 code=afe5fef0 kind=MIPS_SW rs=31 rt=5 rd=0 imm=fef0
# MEMORY LOAD: seed=7 index=102 code=009b2825 kind=MIPS_OR rs=4 rt=27 rd=5 imm=0000
# MEMORY BLOCK: seed=7 start=103 scenario=MEM_LOAD_ONE_GAP word=128 source=r12 load=r13 result=r22
# MEMORY LOAD: seed=7 index=103 code=afec0000 kind=MIPS_SW rs=31 rt=12 rd=0 imm=0000
# MEMORY LOAD: seed=7 index=104 code=8fed0000 kind=MIPS_LW rs=31 rt=13 rd=0 imm=0000
# MEMORY LOAD: seed=7 index=105 code=018cb020 kind=MIPS_ADD rs=12 rt=12 rd=22 imm=0000
# MEMORY LOAD: seed=7 index=106 code=01acb026 kind=MIPS_XOR rs=13 rt=12 rd=22 imm=0000
# MEMORY LOAD: seed=7 index=107 code=aff60004 kind=MIPS_SW rs=31 rt=22 rd=0 imm=0004
# MEMORY LOAD: seed=7 index=108 code=018db025 kind=MIPS_OR rs=12 rt=13 rd=22 imm=0000
# MEMORY BLOCK: seed=7 start=109 scenario=MEM_LOAD_USE_RS word=127 source=r27 load=r23 result=r17
# MEMORY LOAD: seed=7 index=109 code=affbfffc kind=MIPS_SW rs=31 rt=27 rd=0 imm=fffc
# MEMORY LOAD: seed=7 index=110 code=8ff7fffc kind=MIPS_LW rs=31 rt=23 rd=0 imm=fffc
# MEMORY LOAD: seed=7 index=111 code=02fb8820 kind=MIPS_ADD rs=23 rt=27 rd=17 imm=0000
# MEMORY LOAD: seed=7 index=112 code=aff1fffc kind=MIPS_SW rs=31 rt=17 rd=0 imm=fffc
# MEMORY LOAD: seed=7 index=113 code=8ff7fffc kind=MIPS_LW rs=31 rt=23 rd=0 imm=fffc
# MEMORY LOAD: seed=7 index=114 code=03778826 kind=MIPS_XOR rs=27 rt=23 rd=17 imm=0000
# MEMORY BLOCK: seed=7 start=115 scenario=MEM_LOAD_STORE_DATA word=255 source=r10 load=r20 result=r27
# MEMORY LOAD: seed=7 index=115 code=afea01fc kind=MIPS_SW rs=31 rt=10 rd=0 imm=01fc
# MEMORY LOAD: seed=7 index=116 code=8ff401fc kind=MIPS_LW rs=31 rt=20 rd=0 imm=01fc
# MEMORY LOAD: seed=7 index=117 code=aff401f8 kind=MIPS_SW rs=31 rt=20 rd=0 imm=01f8
# MEMORY LOAD: seed=7 index=118 code=8ffb01f8 kind=MIPS_LW rs=31 rt=27 rd=0 imm=01f8
# MEMORY LOAD: seed=7 index=119 code=036aa020 kind=MIPS_ADD rs=27 rt=10 rd=20 imm=0000
# MEMORY LOAD: seed=7 index=120 code=aff401fc kind=MIPS_SW rs=31 rt=20 rd=0 imm=01fc
# MEMORY BLOCK: seed=7 start=121 scenario=MEM_LOAD_ZERO word=0 source=r29 load=r24 result=r20
# MEMORY LOAD: seed=7 index=121 code=affdfe00 kind=MIPS_SW rs=31 rt=29 rd=0 imm=fe00
# MEMORY LOAD: seed=7 index=122 code=8fe0fe00 kind=MIPS_LW rs=31 rt=0 rd=0 imm=fe00
# MEMORY LOAD: seed=7 index=123 code=001da020 kind=MIPS_ADD rs=0 rt=29 rd=20 imm=0000
# MEMORY LOAD: seed=7 index=124 code=aff4fe04 kind=MIPS_SW rs=31 rt=20 rd=0 imm=fe04
# MEMORY LOAD: seed=7 index=125 code=8ff8fe04 kind=MIPS_LW rs=31 rt=24 rd=0 imm=fe04
# MEMORY LOAD: seed=7 index=126 code=aff8fe00 kind=MIPS_SW rs=31 rt=24 rd=0 imm=fe00
# RANDOM MEMORY TEST PASS: seed=7 blocks=16 words=127 randomizations=47 model_steps=127 checks=295 loads=27 stores=39 stalls=19 expected_stalls=19
# ** Note: $finish    : /home/s23521611/project/mips/mips_school/tb/tb_mips_random_memory.sv(220)
#    Time: 1570 ns  Iteration: 1  Instance: /tb_mips_coverage/memory/test
# Break in Module tb_mips_random_memory at /home/s23521611/project/mips/mips_school/tb/tb_mips_random_memory.sv line 220
# Stopped at /home/s23521611/project/mips/mips_school/tb/tb_mips_random_memory.sv line 220
# COVERAGE RUN RESULT: name=memory_seed_7 completed=1 errors=0 signal_errors=0 monitor_errors=0 checks=295 sampled_events=127 model_steps=127
# COVERAGE RUN PASS: memory_seed_7
# End time: 15:00:10 on Oct 09,2026, Elapsed time: 0:00:02
# Errors: 0, Warnings: 1
# vsim -coverage -voptargs="+acc" -onfinish stop -lib /home/s23521611/project/mips/mips_school/tb/functional_coverage_run/coverage_work tb_mips_coverage "+SEED=7" "+RANDOM_BLOCKS=12" -gFAMILY=3 
# Start time: 15:00:10 on Oct 09,2026
# ** Note: (vsim-8009) Loading existing optimized design _opt
# Loading sv_std.std
# Loading work.tb_mips_coverage(fast)
# Loading work.mips_random_branch_pkg(fast)
# Loading work.mips_instruction_pkg(fast)
# Loading work.mips_random_pkg(fast)
# Loading work.mips_reference_pkg(fast)
# Loading work.mips_scoreboard_pkg(fast)
# Loading work.tb_mips_random_branch(fast)
# Loading work.toplevel(fast)
# Loading work.PC(fast)
# Loading work.IMEM(fast)
# Loading work.IF_ID_reg(fast)
# Loading work.Controller(fast)
# Loading work.RegisterFile(fast)
# Loading work.Extender(fast)
# Loading work.HazardDetection(fast)
# Loading work.ID_EX_reg(fast)
# Loading work.Forwarding(fast)
# Loading work.ALUControl(fast)
# Loading work.ALU(fast)
# Loading work.EX_MEM_reg(fast)
# Loading work.DMEM(fast)
# Loading work.MEM_WB_reg(fast)
# Loading work.mips_coverage_pkg(fast)
# Loading work.mips_coverage_monitor(fast)
# ** Warning: (vsim-8634) Code was not compiled with coverage options.
# BRANCH LOAD: seed=7 index=0 code=20017fff kind=MIPS_ADDI rs=0 rt=1 rd=0 imm=7fff target=0
# BRANCH LOAD: seed=7 index=1 code=20020000 kind=MIPS_ADDI rs=0 rt=2 rd=0 imm=0000 target=0
# BRANCH LOAD: seed=7 index=2 code=20037fff kind=MIPS_ADDI rs=0 rt=3 rd=0 imm=7fff target=0
# BRANCH LOAD: seed=7 index=3 code=20047fff kind=MIPS_ADDI rs=0 rt=4 rd=0 imm=7fff target=0
# BRANCH LOAD: seed=7 index=4 code=20058000 kind=MIPS_ADDI rs=0 rt=5 rd=0 imm=8000 target=0
# BRANCH LOAD: seed=7 index=5 code=20067fff kind=MIPS_ADDI rs=0 rt=6 rd=0 imm=7fff target=0
# BRANCH LOAD: seed=7 index=6 code=2007d3bc kind=MIPS_ADDI rs=0 rt=7 rd=0 imm=d3bc target=0
# BRANCH LOAD: seed=7 index=7 code=2008ffff kind=MIPS_ADDI rs=0 rt=8 rd=0 imm=ffff target=0
# BRANCH LOAD: seed=7 index=8 code=2009ffff kind=MIPS_ADDI rs=0 rt=9 rd=0 imm=ffff target=0
# BRANCH LOAD: seed=7 index=9 code=200ad589 kind=MIPS_ADDI rs=0 rt=10 rd=0 imm=d589 target=0
# BRANCH LOAD: seed=7 index=10 code=200b0000 kind=MIPS_ADDI rs=0 rt=11 rd=0 imm=0000 target=0
# BRANCH LOAD: seed=7 index=11 code=200c7fff kind=MIPS_ADDI rs=0 rt=12 rd=0 imm=7fff target=0
# BRANCH LOAD: seed=7 index=12 code=200dffff kind=MIPS_ADDI rs=0 rt=13 rd=0 imm=ffff target=0
# BRANCH LOAD: seed=7 index=13 code=200e8000 kind=MIPS_ADDI rs=0 rt=14 rd=0 imm=8000 target=0
# BRANCH LOAD: seed=7 index=14 code=200f8000 kind=MIPS_ADDI rs=0 rt=15 rd=0 imm=8000 target=0
# BRANCH LOAD: seed=7 index=15 code=20106efe kind=MIPS_ADDI rs=0 rt=16 rd=0 imm=6efe target=0
# BRANCH LOAD: seed=7 index=16 code=20118000 kind=MIPS_ADDI rs=0 rt=17 rd=0 imm=8000 target=0
# BRANCH LOAD: seed=7 index=17 code=2012ffff kind=MIPS_ADDI rs=0 rt=18 rd=0 imm=ffff target=0
# BRANCH LOAD: seed=7 index=18 code=20137fff kind=MIPS_ADDI rs=0 rt=19 rd=0 imm=7fff target=0
# BRANCH LOAD: seed=7 index=19 code=20140000 kind=MIPS_ADDI rs=0 rt=20 rd=0 imm=0000 target=0
# BRANCH LOAD: seed=7 index=20 code=20158000 kind=MIPS_ADDI rs=0 rt=21 rd=0 imm=8000 target=0
# BRANCH LOAD: seed=7 index=21 code=201683d2 kind=MIPS_ADDI rs=0 rt=22 rd=0 imm=83d2 target=0
# BRANCH LOAD: seed=7 index=22 code=2017ffff kind=MIPS_ADDI rs=0 rt=23 rd=0 imm=ffff target=0
# BRANCH LOAD: seed=7 index=23 code=20187fff kind=MIPS_ADDI rs=0 rt=24 rd=0 imm=7fff target=0
# BRANCH LOAD: seed=7 index=24 code=2019068a kind=MIPS_ADDI rs=0 rt=25 rd=0 imm=068a target=0
# BRANCH LOAD: seed=7 index=25 code=201affff kind=MIPS_ADDI rs=0 rt=26 rd=0 imm=ffff target=0
# BRANCH LOAD: seed=7 index=26 code=201b8000 kind=MIPS_ADDI rs=0 rt=27 rd=0 imm=8000 target=0
# BRANCH LOAD: seed=7 index=27 code=201c7fff kind=MIPS_ADDI rs=0 rt=28 rd=0 imm=7fff target=0
# BRANCH LOAD: seed=7 index=28 code=201d0000 kind=MIPS_ADDI rs=0 rt=29 rd=0 imm=0000 target=0
# BRANCH LOAD: seed=7 index=29 code=201e7fff kind=MIPS_ADDI rs=0 rt=30 rd=0 imm=7fff target=0
# BRANCH LOAD: seed=7 index=30 code=201f0000 kind=MIPS_ADDI rs=0 rt=31 rd=0 imm=0000 target=0
# BRANCH BLOCK: seed=7 start=31 scenario=CF_BEQ_TAKEN left=r30 right=r1 result=r12 counter=r23 value=0001 marker=6913 iterations=1
# BRANCH LOAD: seed=7 index=31 code=201e0001 kind=MIPS_ADDI rs=0 rt=30 rd=0 imm=0001 target=0
# BRANCH LOAD: seed=7 index=32 code=20010001 kind=MIPS_ADDI rs=0 rt=1 rd=0 imm=0001 target=0
# BRANCH LOAD: seed=7 index=33 code=13c10002 kind=MIPS_BEQ rs=30 rt=1 rd=0 imm=0002 target=0
# BRANCH LOAD: seed=7 index=34 code=ac1e0000 kind=MIPS_SW rs=0 rt=30 rd=0 imm=0000 target=0
# BRANCH LOAD: seed=7 index=35 code=201f0001 kind=MIPS_ADDI rs=0 rt=31 rd=0 imm=0001 target=0
# BRANCH LOAD: seed=7 index=36 code=200c6913 kind=MIPS_ADDI rs=0 rt=12 rd=0 imm=6913 target=0
# BRANCH LOAD: seed=7 index=37 code=ac0c0080 kind=MIPS_SW rs=0 rt=12 rd=0 imm=0080 target=0
# BRANCH LOAD: seed=7 index=38 code=00000000 kind=MIPS_SLL rs=0 rt=0 rd=0 imm=0000 target=0
# BRANCH LOAD: seed=7 index=39 code=00000000 kind=MIPS_SLL rs=0 rt=0 rd=0 imm=0000 target=0
# BRANCH LOAD: seed=7 index=40 code=00000000 kind=MIPS_SLL rs=0 rt=0 rd=0 imm=0000 target=0
# BRANCH LOAD: seed=7 index=41 code=00000000 kind=MIPS_SLL rs=0 rt=0 rd=0 imm=0000 target=0
# BRANCH LOAD: seed=7 index=42 code=00000000 kind=MIPS_SLL rs=0 rt=0 rd=0 imm=0000 target=0
# BRANCH BLOCK: seed=7 start=43 scenario=CF_BEQ_NOT_TAKEN left=r7 right=r27 result=r1 counter=r30 value=ffff marker=0a69 iterations=4
# BRANCH LOAD: seed=7 index=43 code=2007ffff kind=MIPS_ADDI rs=0 rt=7 rd=0 imm=ffff target=0
# BRANCH LOAD: seed=7 index=44 code=201bfffe kind=MIPS_ADDI rs=0 rt=27 rd=0 imm=fffe target=0
# BRANCH LOAD: seed=7 index=45 code=10fb0002 kind=MIPS_BEQ rs=7 rt=27 rd=0 imm=0002 target=0
# BRANCH LOAD: seed=7 index=46 code=ac070004 kind=MIPS_SW rs=0 rt=7 rd=0 imm=0004 target=0
# BRANCH LOAD: seed=7 index=47 code=20010001 kind=MIPS_ADDI rs=0 rt=1 rd=0 imm=0001 target=0
# BRANCH LOAD: seed=7 index=48 code=20010a69 kind=MIPS_ADDI rs=0 rt=1 rd=0 imm=0a69 target=0
# BRANCH LOAD: seed=7 index=49 code=ac010084 kind=MIPS_SW rs=0 rt=1 rd=0 imm=0084 target=0
# BRANCH LOAD: seed=7 index=50 code=00000000 kind=MIPS_SLL rs=0 rt=0 rd=0 imm=0000 target=0
# BRANCH LOAD: seed=7 index=51 code=00000000 kind=MIPS_SLL rs=0 rt=0 rd=0 imm=0000 target=0
# BRANCH LOAD: seed=7 index=52 code=00000000 kind=MIPS_SLL rs=0 rt=0 rd=0 imm=0000 target=0
# BRANCH LOAD: seed=7 index=53 code=00000000 kind=MIPS_SLL rs=0 rt=0 rd=0 imm=0000 target=0
# BRANCH LOAD: seed=7 index=54 code=00000000 kind=MIPS_SLL rs=0 rt=0 rd=0 imm=0000 target=0
# BRANCH BLOCK: seed=7 start=55 scenario=CF_BNE_TAKEN left=r3 right=r14 result=r5 counter=r7 value=ffff marker=0661 iterations=2
# BRANCH LOAD: seed=7 index=55 code=2003ffff kind=MIPS_ADDI rs=0 rt=3 rd=0 imm=ffff target=0
# BRANCH LOAD: seed=7 index=56 code=200efffe kind=MIPS_ADDI rs=0 rt=14 rd=0 imm=fffe target=0
# BRANCH LOAD: seed=7 index=57 code=146e0002 kind=MIPS_BNE rs=3 rt=14 rd=0 imm=0002 target=0
# BRANCH LOAD: seed=7 index=58 code=ac030008 kind=MIPS_SW rs=0 rt=3 rd=0 imm=0008 target=0
# BRANCH LOAD: seed=7 index=59 code=201f0001 kind=MIPS_ADDI rs=0 rt=31 rd=0 imm=0001 target=0
# BRANCH LOAD: seed=7 index=60 code=20050661 kind=MIPS_ADDI rs=0 rt=5 rd=0 imm=0661 target=0
# BRANCH LOAD: seed=7 index=61 code=ac050088 kind=MIPS_SW rs=0 rt=5 rd=0 imm=0088 target=0
# BRANCH LOAD: seed=7 index=62 code=00000000 kind=MIPS_SLL rs=0 rt=0 rd=0 imm=0000 target=0
# BRANCH LOAD: seed=7 index=63 code=00000000 kind=MIPS_SLL rs=0 rt=0 rd=0 imm=0000 target=0
# BRANCH LOAD: seed=7 index=64 code=00000000 kind=MIPS_SLL rs=0 rt=0 rd=0 imm=0000 target=0
# BRANCH LOAD: seed=7 index=65 code=00000000 kind=MIPS_SLL rs=0 rt=0 rd=0 imm=0000 target=0
# BRANCH LOAD: seed=7 index=66 code=00000000 kind=MIPS_SLL rs=0 rt=0 rd=0 imm=0000 target=0
# BRANCH BLOCK: seed=7 start=67 scenario=CF_BNE_NOT_TAKEN left=r20 right=r8 result=r5 counter=r29 value=ffff marker=3e3b iterations=4
# BRANCH LOAD: seed=7 index=67 code=2014ffff kind=MIPS_ADDI rs=0 rt=20 rd=0 imm=ffff target=0
# BRANCH LOAD: seed=7 index=68 code=2008ffff kind=MIPS_ADDI rs=0 rt=8 rd=0 imm=ffff target=0
# BRANCH LOAD: seed=7 index=69 code=16880002 kind=MIPS_BNE rs=20 rt=8 rd=0 imm=0002 target=0
# BRANCH LOAD: seed=7 index=70 code=ac14000c kind=MIPS_SW rs=0 rt=20 rd=0 imm=000c target=0
# BRANCH LOAD: seed=7 index=71 code=20050001 kind=MIPS_ADDI rs=0 rt=5 rd=0 imm=0001 target=0
# BRANCH LOAD: seed=7 index=72 code=20053e3b kind=MIPS_ADDI rs=0 rt=5 rd=0 imm=3e3b target=0
# BRANCH LOAD: seed=7 index=73 code=ac05008c kind=MIPS_SW rs=0 rt=5 rd=0 imm=008c target=0
# BRANCH LOAD: seed=7 index=74 code=00000000 kind=MIPS_SLL rs=0 rt=0 rd=0 imm=0000 target=0
# BRANCH LOAD: seed=7 index=75 code=00000000 kind=MIPS_SLL rs=0 rt=0 rd=0 imm=0000 target=0
# BRANCH LOAD: seed=7 index=76 code=00000000 kind=MIPS_SLL rs=0 rt=0 rd=0 imm=0000 target=0
# BRANCH LOAD: seed=7 index=77 code=00000000 kind=MIPS_SLL rs=0 rt=0 rd=0 imm=0000 target=0
# BRANCH LOAD: seed=7 index=78 code=00000000 kind=MIPS_SLL rs=0 rt=0 rd=0 imm=0000 target=0
# BRANCH BLOCK: seed=7 start=79 scenario=CF_JUMP_FORWARD left=r25 right=r6 result=r28 counter=r5 value=4206 marker=1b01 iterations=3
# BRANCH LOAD: seed=7 index=79 code=20194206 kind=MIPS_ADDI rs=0 rt=25 rd=0 imm=4206 target=0
# BRANCH LOAD: seed=7 index=80 code=08000054 kind=MIPS_J rs=0 rt=0 rd=0 imm=0000 target=84
# BRANCH LOAD: seed=7 index=81 code=ac190010 kind=MIPS_SW rs=0 rt=25 rd=0 imm=0010 target=0
# BRANCH LOAD: seed=7 index=82 code=201f0001 kind=MIPS_ADDI rs=0 rt=31 rd=0 imm=0001 target=0
# BRANCH LOAD: seed=7 index=83 code=201c0001 kind=MIPS_ADDI rs=0 rt=28 rd=0 imm=0001 target=0
# BRANCH LOAD: seed=7 index=84 code=201c1b01 kind=MIPS_ADDI rs=0 rt=28 rd=0 imm=1b01 target=0
# BRANCH LOAD: seed=7 index=85 code=ac1c0090 kind=MIPS_SW rs=0 rt=28 rd=0 imm=0090 target=0
# BRANCH LOAD: seed=7 index=86 code=00000000 kind=MIPS_SLL rs=0 rt=0 rd=0 imm=0000 target=0
# BRANCH LOAD: seed=7 index=87 code=00000000 kind=MIPS_SLL rs=0 rt=0 rd=0 imm=0000 target=0
# BRANCH LOAD: seed=7 index=88 code=00000000 kind=MIPS_SLL rs=0 rt=0 rd=0 imm=0000 target=0
# BRANCH LOAD: seed=7 index=89 code=00000000 kind=MIPS_SLL rs=0 rt=0 rd=0 imm=0000 target=0
# BRANCH LOAD: seed=7 index=90 code=00000000 kind=MIPS_SLL rs=0 rt=0 rd=0 imm=0000 target=0
# BRANCH BLOCK: seed=7 start=91 scenario=CF_BOUNDED_LOOP left=r16 right=r20 result=r4 counter=r28 value=8000 marker=6177 iterations=2
# BRANCH LOAD: seed=7 index=91 code=201c0002 kind=MIPS_ADDI rs=0 rt=28 rd=0 imm=0002 target=0
# BRANCH LOAD: seed=7 index=92 code=20046177 kind=MIPS_ADDI rs=0 rt=4 rd=0 imm=6177 target=0
# BRANCH LOAD: seed=7 index=93 code=20840001 kind=MIPS_ADDI rs=4 rt=4 rd=0 imm=0001 target=0
# BRANCH LOAD: seed=7 index=94 code=239cffff kind=MIPS_ADDI rs=28 rt=28 rd=0 imm=ffff target=0
# BRANCH LOAD: seed=7 index=95 code=1780fffd kind=MIPS_BNE rs=28 rt=0 rd=0 imm=fffd target=0
# BRANCH LOAD: seed=7 index=96 code=ac040094 kind=MIPS_SW rs=0 rt=4 rd=0 imm=0094 target=0
# BRANCH LOAD: seed=7 index=97 code=00000000 kind=MIPS_SLL rs=0 rt=0 rd=0 imm=0000 target=0
# BRANCH LOAD: seed=7 index=98 code=00000000 kind=MIPS_SLL rs=0 rt=0 rd=0 imm=0000 target=0
# BRANCH LOAD: seed=7 index=99 code=00000000 kind=MIPS_SLL rs=0 rt=0 rd=0 imm=0000 target=0
# BRANCH LOAD: seed=7 index=100 code=00000000 kind=MIPS_SLL rs=0 rt=0 rd=0 imm=0000 target=0
# BRANCH LOAD: seed=7 index=101 code=00000000 kind=MIPS_SLL rs=0 rt=0 rd=0 imm=0000 target=0
# BRANCH LOAD: seed=7 index=102 code=00000000 kind=MIPS_SLL rs=0 rt=0 rd=0 imm=0000 target=0
# BRANCH BLOCK: seed=7 start=103 scenario=CF_LOAD_BRANCH left=r3 right=r6 result=r26 counter=r27 value=0001 marker=5268 iterations=3
# BRANCH LOAD: seed=7 index=103 code=20030001 kind=MIPS_ADDI rs=0 rt=3 rd=0 imm=0001 target=0
# BRANCH LOAD: seed=7 index=104 code=ac030118 kind=MIPS_SW rs=0 rt=3 rd=0 imm=0118 target=0
# BRANCH LOAD: seed=7 index=105 code=8c060118 kind=MIPS_LW rs=0 rt=6 rd=0 imm=0118 target=0
# BRANCH LOAD: seed=7 index=106 code=10c30002 kind=MIPS_BEQ rs=6 rt=3 rd=0 imm=0002 target=0
# BRANCH LOAD: seed=7 index=107 code=ac030018 kind=MIPS_SW rs=0 rt=3 rd=0 imm=0018 target=0
# BRANCH LOAD: seed=7 index=108 code=201f0001 kind=MIPS_ADDI rs=0 rt=31 rd=0 imm=0001 target=0
# BRANCH LOAD: seed=7 index=109 code=201a5268 kind=MIPS_ADDI rs=0 rt=26 rd=0 imm=5268 target=0
# BRANCH LOAD: seed=7 index=110 code=ac1a0098 kind=MIPS_SW rs=0 rt=26 rd=0 imm=0098 target=0
# BRANCH LOAD: seed=7 index=111 code=00000000 kind=MIPS_SLL rs=0 rt=0 rd=0 imm=0000 target=0
# BRANCH LOAD: seed=7 index=112 code=00000000 kind=MIPS_SLL rs=0 rt=0 rd=0 imm=0000 target=0
# BRANCH LOAD: seed=7 index=113 code=00000000 kind=MIPS_SLL rs=0 rt=0 rd=0 imm=0000 target=0
# BRANCH LOAD: seed=7 index=114 code=00000000 kind=MIPS_SLL rs=0 rt=0 rd=0 imm=0000 target=0
# BRANCH BLOCK: seed=7 start=115 scenario=CF_BRANCH_OVER_JUMP left=r10 right=r16 result=r2 counter=r21 value=88d5 marker=0297 iterations=2
# BRANCH LOAD: seed=7 index=115 code=200a88d5 kind=MIPS_ADDI rs=0 rt=10 rd=0 imm=88d5 target=0
# BRANCH LOAD: seed=7 index=116 code=201088d5 kind=MIPS_ADDI rs=0 rt=16 rd=0 imm=88d5 target=0
# BRANCH LOAD: seed=7 index=117 code=11500003 kind=MIPS_BEQ rs=10 rt=16 rd=0 imm=0003 target=0
# BRANCH LOAD: seed=7 index=118 code=0800007c kind=MIPS_J rs=0 rt=0 rd=0 imm=0000 target=124
# BRANCH LOAD: seed=7 index=119 code=ac0a001c kind=MIPS_SW rs=0 rt=10 rd=0 imm=001c target=0
# BRANCH LOAD: seed=7 index=120 code=201f0001 kind=MIPS_ADDI rs=0 rt=31 rd=0 imm=0001 target=0
# BRANCH LOAD: seed=7 index=121 code=20020297 kind=MIPS_ADDI rs=0 rt=2 rd=0 imm=0297 target=0
# BRANCH LOAD: seed=7 index=122 code=0800007e kind=MIPS_J rs=0 rt=0 rd=0 imm=0000 target=126
# BRANCH LOAD: seed=7 index=123 code=ac0a001c kind=MIPS_SW rs=0 rt=10 rd=0 imm=001c target=0
# BRANCH LOAD: seed=7 index=124 code=201f0001 kind=MIPS_ADDI rs=0 rt=31 rd=0 imm=0001 target=0
# BRANCH LOAD: seed=7 index=125 code=20020001 kind=MIPS_ADDI rs=0 rt=2 rd=0 imm=0001 target=0
# BRANCH LOAD: seed=7 index=126 code=ac02009c kind=MIPS_SW rs=0 rt=2 rd=0 imm=009c target=0
# BRANCH BLOCK: seed=7 start=127 scenario=CF_BEQ_TAKEN left=r16 right=r3 result=r26 counter=r18 value=8000 marker=1603 iterations=4
# BRANCH LOAD: seed=7 index=127 code=20108000 kind=MIPS_ADDI rs=0 rt=16 rd=0 imm=8000 target=0
# BRANCH LOAD: seed=7 index=128 code=20038000 kind=MIPS_ADDI rs=0 rt=3 rd=0 imm=8000 target=0
# BRANCH LOAD: seed=7 index=129 code=12030002 kind=MIPS_BEQ rs=16 rt=3 rd=0 imm=0002 target=0
# BRANCH LOAD: seed=7 index=130 code=ac100020 kind=MIPS_SW rs=0 rt=16 rd=0 imm=0020 target=0
# BRANCH LOAD: seed=7 index=131 code=201f0001 kind=MIPS_ADDI rs=0 rt=31 rd=0 imm=0001 target=0
# BRANCH LOAD: seed=7 index=132 code=201a1603 kind=MIPS_ADDI rs=0 rt=26 rd=0 imm=1603 target=0
# BRANCH LOAD: seed=7 index=133 code=ac1a00a0 kind=MIPS_SW rs=0 rt=26 rd=0 imm=00a0 target=0
# BRANCH LOAD: seed=7 index=134 code=00000000 kind=MIPS_SLL rs=0 rt=0 rd=0 imm=0000 target=0
# BRANCH LOAD: seed=7 index=135 code=00000000 kind=MIPS_SLL rs=0 rt=0 rd=0 imm=0000 target=0
# BRANCH LOAD: seed=7 index=136 code=00000000 kind=MIPS_SLL rs=0 rt=0 rd=0 imm=0000 target=0
# BRANCH LOAD: seed=7 index=137 code=00000000 kind=MIPS_SLL rs=0 rt=0 rd=0 imm=0000 target=0
# BRANCH LOAD: seed=7 index=138 code=00000000 kind=MIPS_SLL rs=0 rt=0 rd=0 imm=0000 target=0
# BRANCH BLOCK: seed=7 start=139 scenario=CF_BNE_NOT_TAKEN left=r20 right=r19 result=r6 counter=r12 value=8000 marker=3e14 iterations=2
# BRANCH LOAD: seed=7 index=139 code=20148000 kind=MIPS_ADDI rs=0 rt=20 rd=0 imm=8000 target=0
# BRANCH LOAD: seed=7 index=140 code=20138000 kind=MIPS_ADDI rs=0 rt=19 rd=0 imm=8000 target=0
# BRANCH LOAD: seed=7 index=141 code=16930002 kind=MIPS_BNE rs=20 rt=19 rd=0 imm=0002 target=0
# BRANCH LOAD: seed=7 index=142 code=ac140024 kind=MIPS_SW rs=0 rt=20 rd=0 imm=0024 target=0
# BRANCH LOAD: seed=7 index=143 code=20060001 kind=MIPS_ADDI rs=0 rt=6 rd=0 imm=0001 target=0
# BRANCH LOAD: seed=7 index=144 code=20063e14 kind=MIPS_ADDI rs=0 rt=6 rd=0 imm=3e14 target=0
# BRANCH LOAD: seed=7 index=145 code=ac0600a4 kind=MIPS_SW rs=0 rt=6 rd=0 imm=00a4 target=0
# BRANCH LOAD: seed=7 index=146 code=00000000 kind=MIPS_SLL rs=0 rt=0 rd=0 imm=0000 target=0
# BRANCH LOAD: seed=7 index=147 code=00000000 kind=MIPS_SLL rs=0 rt=0 rd=0 imm=0000 target=0
# BRANCH LOAD: seed=7 index=148 code=00000000 kind=MIPS_SLL rs=0 rt=0 rd=0 imm=0000 target=0
# BRANCH LOAD: seed=7 index=149 code=00000000 kind=MIPS_SLL rs=0 rt=0 rd=0 imm=0000 target=0
# BRANCH LOAD: seed=7 index=150 code=00000000 kind=MIPS_SLL rs=0 rt=0 rd=0 imm=0000 target=0
# BRANCH BLOCK: seed=7 start=151 scenario=CF_BEQ_NOT_TAKEN left=r10 right=r12 result=r16 counter=r14 value=8000 marker=0b74 iterations=4
# BRANCH LOAD: seed=7 index=151 code=200a8000 kind=MIPS_ADDI rs=0 rt=10 rd=0 imm=8000 target=0
# BRANCH LOAD: seed=7 index=152 code=200c8001 kind=MIPS_ADDI rs=0 rt=12 rd=0 imm=8001 target=0
# BRANCH LOAD: seed=7 index=153 code=114c0002 kind=MIPS_BEQ rs=10 rt=12 rd=0 imm=0002 target=0
# BRANCH LOAD: seed=7 index=154 code=ac0a0028 kind=MIPS_SW rs=0 rt=10 rd=0 imm=0028 target=0
# BRANCH LOAD: seed=7 index=155 code=20100001 kind=MIPS_ADDI rs=0 rt=16 rd=0 imm=0001 target=0
# BRANCH LOAD: seed=7 index=156 code=20100b74 kind=MIPS_ADDI rs=0 rt=16 rd=0 imm=0b74 target=0
# BRANCH LOAD: seed=7 index=157 code=ac1000a8 kind=MIPS_SW rs=0 rt=16 rd=0 imm=00a8 target=0
# BRANCH LOAD: seed=7 index=158 code=00000000 kind=MIPS_SLL rs=0 rt=0 rd=0 imm=0000 target=0
# BRANCH LOAD: seed=7 index=159 code=00000000 kind=MIPS_SLL rs=0 rt=0 rd=0 imm=0000 target=0
# BRANCH LOAD: seed=7 index=160 code=00000000 kind=MIPS_SLL rs=0 rt=0 rd=0 imm=0000 target=0
# BRANCH LOAD: seed=7 index=161 code=00000000 kind=MIPS_SLL rs=0 rt=0 rd=0 imm=0000 target=0
# BRANCH LOAD: seed=7 index=162 code=00000000 kind=MIPS_SLL rs=0 rt=0 rd=0 imm=0000 target=0
# BRANCH BLOCK: seed=7 start=163 scenario=CF_LOAD_BRANCH left=r25 right=r26 result=r28 counter=r6 value=8000 marker=71a2 iterations=3
# BRANCH LOAD: seed=7 index=163 code=20198000 kind=MIPS_ADDI rs=0 rt=25 rd=0 imm=8000 target=0
# BRANCH LOAD: seed=7 index=164 code=ac19012c kind=MIPS_SW rs=0 rt=25 rd=0 imm=012c target=0
# BRANCH LOAD: seed=7 index=165 code=8c1a012c kind=MIPS_LW rs=0 rt=26 rd=0 imm=012c target=0
# BRANCH LOAD: seed=7 index=166 code=13590002 kind=MIPS_BEQ rs=26 rt=25 rd=0 imm=0002 target=0
# BRANCH LOAD: seed=7 index=167 code=ac19002c kind=MIPS_SW rs=0 rt=25 rd=0 imm=002c target=0
# BRANCH LOAD: seed=7 index=168 code=201f0001 kind=MIPS_ADDI rs=0 rt=31 rd=0 imm=0001 target=0
# BRANCH LOAD: seed=7 index=169 code=201c71a2 kind=MIPS_ADDI rs=0 rt=28 rd=0 imm=71a2 target=0
# BRANCH LOAD: seed=7 index=170 code=ac1c00ac kind=MIPS_SW rs=0 rt=28 rd=0 imm=00ac target=0
# BRANCH LOAD: seed=7 index=171 code=00000000 kind=MIPS_SLL rs=0 rt=0 rd=0 imm=0000 target=0
# BRANCH LOAD: seed=7 index=172 code=00000000 kind=MIPS_SLL rs=0 rt=0 rd=0 imm=0000 target=0
# BRANCH LOAD: seed=7 index=173 code=00000000 kind=MIPS_SLL rs=0 rt=0 rd=0 imm=0000 target=0
# BRANCH LOAD: seed=7 index=174 code=00000000 kind=MIPS_SLL rs=0 rt=0 rd=0 imm=0000 target=0
# RANDOM BRANCH TEST PASS: seed=7 blocks=12 words=175 randomizations=43 model_steps=159 checks=295 taken=7 not_taken=5 jumps=2 stalls=2 loads=2 stores=18
# ** Note: $finish    : /home/s23521611/project/mips/mips_school/tb/tb_mips_random_branch.sv(299)
#    Time: 1880 ns  Iteration: 1  Instance: /tb_mips_coverage/branch/test
# Break in Module tb_mips_random_branch at /home/s23521611/project/mips/mips_school/tb/tb_mips_random_branch.sv line 299
# Stopped at /home/s23521611/project/mips/mips_school/tb/tb_mips_random_branch.sv line 299
# COVERAGE RUN RESULT: name=branch_seed_7 completed=1 errors=0 signal_errors=0 monitor_errors=0 checks=295 sampled_events=159 model_steps=159
# COVERAGE RUN PASS: branch_seed_7
# End time: 15:00:13 on Oct 09,2026, Elapsed time: 0:00:03
# Errors: 0, Warnings: 1
# vsim -coverage -voptargs="+acc" -onfinish stop -lib /home/s23521611/project/mips/mips_school/tb/functional_coverage_run/coverage_work tb_mips_coverage "+SEED=42" "+RANDOM_WORDS=64" -gFAMILY=1 
# Start time: 15:00:13 on Oct 09,2026
# ** Note: (vsim-8009) Loading existing optimized design _opt1
# Loading sv_std.std
# Loading work.tb_mips_coverage(fast)
# Loading work.mips_instruction_pkg(fast)
# Loading work.mips_random_pkg(fast)
# Loading work.mips_reference_pkg(fast)
# Loading work.mips_scoreboard_pkg(fast)
# Loading work.tb_mips_random_alu(fast)
# Loading work.toplevel(fast)
# Loading work.PC(fast)
# Loading work.IMEM(fast)
# Loading work.IF_ID_reg(fast)
# Loading work.Controller(fast)
# Loading work.RegisterFile(fast)
# Loading work.Extender(fast)
# Loading work.HazardDetection(fast)
# Loading work.ID_EX_reg(fast)
# Loading work.Forwarding(fast)
# Loading work.ALUControl(fast)
# Loading work.ALU(fast)
# Loading work.EX_MEM_reg(fast)
# Loading work.DMEM(fast)
# Loading work.MEM_WB_reg(fast)
# Loading work.mips_coverage_pkg(fast)
# Loading work.mips_coverage_monitor(fast)
# ** Warning: (vsim-8634) Code was not compiled with coverage options.
# RANDOM LOAD: seed=42 index=0 code=20017fff kind=MIPS_ADDI rs=0 rt=1 rd=0 imm=7fff shamt=0
# RANDOM LOAD: seed=42 index=1 code=20027fff kind=MIPS_ADDI rs=0 rt=2 rd=0 imm=7fff shamt=0
# RANDOM LOAD: seed=42 index=2 code=2003ffff kind=MIPS_ADDI rs=0 rt=3 rd=0 imm=ffff shamt=0
# RANDOM LOAD: seed=42 index=3 code=20040000 kind=MIPS_ADDI rs=0 rt=4 rd=0 imm=0000 shamt=0
# RANDOM LOAD: seed=42 index=4 code=20057c95 kind=MIPS_ADDI rs=0 rt=5 rd=0 imm=7c95 shamt=0
# RANDOM LOAD: seed=42 index=5 code=200684a0 kind=MIPS_ADDI rs=0 rt=6 rd=0 imm=84a0 shamt=0
# RANDOM LOAD: seed=42 index=6 code=20070000 kind=MIPS_ADDI rs=0 rt=7 rd=0 imm=0000 shamt=0
# RANDOM LOAD: seed=42 index=7 code=20087fff kind=MIPS_ADDI rs=0 rt=8 rd=0 imm=7fff shamt=0
# RANDOM LOAD: seed=42 index=8 code=2009ffff kind=MIPS_ADDI rs=0 rt=9 rd=0 imm=ffff shamt=0
# RANDOM LOAD: seed=42 index=9 code=200a7fff kind=MIPS_ADDI rs=0 rt=10 rd=0 imm=7fff shamt=0
# RANDOM LOAD: seed=42 index=10 code=200b8000 kind=MIPS_ADDI rs=0 rt=11 rd=0 imm=8000 shamt=0
# RANDOM LOAD: seed=42 index=11 code=200c0001 kind=MIPS_ADDI rs=0 rt=12 rd=0 imm=0001 shamt=0
# RANDOM LOAD: seed=42 index=12 code=200d3c1f kind=MIPS_ADDI rs=0 rt=13 rd=0 imm=3c1f shamt=0
# RANDOM LOAD: seed=42 index=13 code=200e0971 kind=MIPS_ADDI rs=0 rt=14 rd=0 imm=0971 shamt=0
# RANDOM LOAD: seed=42 index=14 code=200f3eb2 kind=MIPS_ADDI rs=0 rt=15 rd=0 imm=3eb2 shamt=0
# RANDOM LOAD: seed=42 index=15 code=2010866a kind=MIPS_ADDI rs=0 rt=16 rd=0 imm=866a shamt=0
# RANDOM LOAD: seed=42 index=16 code=20117fff kind=MIPS_ADDI rs=0 rt=17 rd=0 imm=7fff shamt=0
# RANDOM LOAD: seed=42 index=17 code=2012ed37 kind=MIPS_ADDI rs=0 rt=18 rd=0 imm=ed37 shamt=0
# RANDOM LOAD: seed=42 index=18 code=201360de kind=MIPS_ADDI rs=0 rt=19 rd=0 imm=60de shamt=0
# RANDOM LOAD: seed=42 index=19 code=2014ffff kind=MIPS_ADDI rs=0 rt=20 rd=0 imm=ffff shamt=0
# RANDOM LOAD: seed=42 index=20 code=20158000 kind=MIPS_ADDI rs=0 rt=21 rd=0 imm=8000 shamt=0
# RANDOM LOAD: seed=42 index=21 code=20160001 kind=MIPS_ADDI rs=0 rt=22 rd=0 imm=0001 shamt=0
# RANDOM LOAD: seed=42 index=22 code=20170000 kind=MIPS_ADDI rs=0 rt=23 rd=0 imm=0000 shamt=0
# RANDOM LOAD: seed=42 index=23 code=2018ffff kind=MIPS_ADDI rs=0 rt=24 rd=0 imm=ffff shamt=0
# RANDOM LOAD: seed=42 index=24 code=20195d62 kind=MIPS_ADDI rs=0 rt=25 rd=0 imm=5d62 shamt=0
# RANDOM LOAD: seed=42 index=25 code=201a0000 kind=MIPS_ADDI rs=0 rt=26 rd=0 imm=0000 shamt=0
# RANDOM LOAD: seed=42 index=26 code=201b43f1 kind=MIPS_ADDI rs=0 rt=27 rd=0 imm=43f1 shamt=0
# RANDOM LOAD: seed=42 index=27 code=201c0001 kind=MIPS_ADDI rs=0 rt=28 rd=0 imm=0001 shamt=0
# RANDOM LOAD: seed=42 index=28 code=201dffff kind=MIPS_ADDI rs=0 rt=29 rd=0 imm=ffff shamt=0
# RANDOM LOAD: seed=42 index=29 code=201e7fff kind=MIPS_ADDI rs=0 rt=30 rd=0 imm=7fff shamt=0
# RANDOM LOAD: seed=42 index=30 code=201fd1eb kind=MIPS_ADDI rs=0 rt=31 rd=0 imm=d1eb shamt=0
# RANDOM LOAD: seed=42 index=31 code=2109a6b0 kind=MIPS_ADDI rs=8 rt=9 rd=0 imm=a6b0 shamt=0
# RANDOM LOAD: seed=42 index=32 code=00189382 kind=MIPS_SRL rs=0 rt=24 rd=18 imm=0000 shamt=14
# RANDOM LOAD: seed=42 index=33 code=00941022 kind=MIPS_SUB rs=4 rt=20 rd=2 imm=0000 shamt=0
# RANDOM LOAD: seed=42 index=34 code=03587026 kind=MIPS_XOR rs=26 rt=24 rd=14 imm=0000 shamt=0
# RANDOM LOAD: seed=42 index=35 code=34779ae5 kind=MIPS_ORI rs=3 rt=23 rd=0 imm=9ae5 shamt=0
# RANDOM LOAD: seed=42 index=36 code=012dd827 kind=MIPS_NOR rs=9 rt=13 rd=27 imm=0000 shamt=0
# RANDOM LOAD: seed=42 index=37 code=02e61024 kind=MIPS_AND rs=23 rt=6 rd=2 imm=0000 shamt=0
# RANDOM LOAD: seed=42 index=38 code=000b5fc0 kind=MIPS_SLL rs=0 rt=11 rd=11 imm=0000 shamt=31
# RANDOM LOAD: seed=42 index=39 code=0033a826 kind=MIPS_XOR rs=1 rt=19 rd=21 imm=0000 shamt=0
# RANDOM LOAD: seed=42 index=40 code=00020900 kind=MIPS_SLL rs=0 rt=2 rd=1 imm=0000 shamt=4
# RANDOM LOAD: seed=42 index=41 code=0296b82a kind=MIPS_SLT rs=20 rt=22 rd=23 imm=0000 shamt=0
# RANDOM LOAD: seed=42 index=42 code=3681b69d kind=MIPS_ORI rs=20 rt=1 rd=0 imm=b69d shamt=0
# RANDOM LOAD: seed=42 index=43 code=36e30001 kind=MIPS_ORI rs=23 rt=3 rd=0 imm=0001 shamt=0
# RANDOM LOAD: seed=42 index=44 code=343dffff kind=MIPS_ORI rs=1 rt=29 rd=0 imm=ffff shamt=0
# RANDOM LOAD: seed=42 index=45 code=33357fff kind=MIPS_ANDI rs=25 rt=21 rd=0 imm=7fff shamt=0
# RANDOM LOAD: seed=42 index=46 code=02572020 kind=MIPS_ADD rs=18 rt=23 rd=4 imm=0000 shamt=0
# RANDOM LOAD: seed=42 index=47 code=03620827 kind=MIPS_NOR rs=27 rt=2 rd=1 imm=0000 shamt=0
# RANDOM LOAD: seed=42 index=48 code=014ae027 kind=MIPS_NOR rs=10 rt=10 rd=28 imm=0000 shamt=0
# RANDOM LOAD: seed=42 index=49 code=21da0000 kind=MIPS_ADDI rs=14 rt=26 rd=0 imm=0000 shamt=0
# RANDOM LOAD: seed=42 index=50 code=23f08498 kind=MIPS_ADDI rs=31 rt=16 rd=0 imm=8498 shamt=0
# RANDOM LOAD: seed=42 index=51 code=028fb024 kind=MIPS_AND rs=20 rt=15 rd=22 imm=0000 shamt=0
# RANDOM LOAD: seed=42 index=52 code=30800000 kind=MIPS_ANDI rs=4 rt=0 rd=0 imm=0000 shamt=0
# RANDOM LOAD: seed=42 index=53 code=31094985 kind=MIPS_ANDI rs=8 rt=9 rd=0 imm=4985 shamt=0
# RANDOM LOAD: seed=42 index=54 code=004ea025 kind=MIPS_OR rs=2 rt=14 rd=20 imm=0000 shamt=0
# RANDOM LOAD: seed=42 index=55 code=35b00001 kind=MIPS_ORI rs=13 rt=16 rd=0 imm=0001 shamt=0
# RANDOM LOAD: seed=42 index=56 code=00152440 kind=MIPS_SLL rs=0 rt=21 rd=4 imm=0000 shamt=17
# RANDOM LOAD: seed=42 index=57 code=00d26824 kind=MIPS_AND rs=6 rt=18 rd=13 imm=0000 shamt=0
# RANDOM LOAD: seed=42 index=58 code=00968025 kind=MIPS_OR rs=4 rt=22 rd=16 imm=0000 shamt=0
# RANDOM LOAD: seed=42 index=59 code=00110d00 kind=MIPS_SLL rs=0 rt=17 rd=1 imm=0000 shamt=20
# RANDOM LOAD: seed=42 index=60 code=2302ffff kind=MIPS_ADDI rs=24 rt=2 rd=0 imm=ffff shamt=0
# RANDOM LOAD: seed=42 index=61 code=0327a825 kind=MIPS_OR rs=25 rt=7 rd=21 imm=0000 shamt=0
# RANDOM LOAD: seed=42 index=62 code=01d5d826 kind=MIPS_XOR rs=14 rt=21 rd=27 imm=0000 shamt=0
# RANDOM LOAD: seed=42 index=63 code=03136827 kind=MIPS_NOR rs=24 rt=19 rd=13 imm=0000 shamt=0
# RANDOM LOAD: seed=42 index=64 code=027fa826 kind=MIPS_XOR rs=19 rt=31 rd=21 imm=0000 shamt=0
# RANDOM LOAD: seed=42 index=65 code=00723026 kind=MIPS_XOR rs=3 rt=18 rd=6 imm=0000 shamt=0
# RANDOM LOAD: seed=42 index=66 code=0003ffc0 kind=MIPS_SLL rs=0 rt=3 rd=31 imm=0000 shamt=31
# RANDOM LOAD: seed=42 index=67 code=01e58820 kind=MIPS_ADD rs=15 rt=5 rd=17 imm=0000 shamt=0
# RANDOM LOAD: seed=42 index=68 code=01d04826 kind=MIPS_XOR rs=14 rt=16 rd=9 imm=0000 shamt=0
# RANDOM LOAD: seed=42 index=69 code=017d602a kind=MIPS_SLT rs=11 rt=29 rd=12 imm=0000 shamt=0
# RANDOM LOAD: seed=42 index=70 code=03b08827 kind=MIPS_NOR rs=29 rt=16 rd=17 imm=0000 shamt=0
# RANDOM LOAD: seed=42 index=71 code=00934027 kind=MIPS_NOR rs=4 rt=19 rd=8 imm=0000 shamt=0
# RANDOM LOAD: seed=42 index=72 code=03135027 kind=MIPS_NOR rs=24 rt=19 rd=10 imm=0000 shamt=0
# RANDOM LOAD: seed=42 index=73 code=0221602a kind=MIPS_SLT rs=17 rt=1 rd=12 imm=0000 shamt=0
# RANDOM LOAD: seed=42 index=74 code=0149b026 kind=MIPS_XOR rs=10 rt=9 rd=22 imm=0000 shamt=0
# RANDOM LOAD: seed=42 index=75 code=010e6026 kind=MIPS_XOR rs=8 rt=14 rd=12 imm=0000 shamt=0
# RANDOM LOAD: seed=42 index=76 code=00002f00 kind=MIPS_SLL rs=0 rt=0 rd=5 imm=0000 shamt=28
# RANDOM LOAD: seed=42 index=77 code=024af820 kind=MIPS_ADD rs=18 rt=10 rd=31 imm=0000 shamt=0
# RANDOM LOAD: seed=42 index=78 code=36ab8000 kind=MIPS_ORI rs=21 rt=11 rd=0 imm=8000 shamt=0
# RANDOM LOAD: seed=42 index=79 code=37ef0211 kind=MIPS_ORI rs=31 rt=15 rd=0 imm=0211 shamt=0
# RANDOM LOAD: seed=42 index=80 code=329b0000 kind=MIPS_ANDI rs=20 rt=27 rd=0 imm=0000 shamt=0
# RANDOM LOAD: seed=42 index=81 code=0268b020 kind=MIPS_ADD rs=19 rt=8 rd=22 imm=0000 shamt=0
# RANDOM LOAD: seed=42 index=82 code=027b5820 kind=MIPS_ADD rs=19 rt=27 rd=11 imm=0000 shamt=0
# RANDOM LOAD: seed=42 index=83 code=002fc820 kind=MIPS_ADD rs=1 rt=15 rd=25 imm=0000 shamt=0
# RANDOM LOAD: seed=42 index=84 code=3455f9ca kind=MIPS_ORI rs=2 rt=21 rd=0 imm=f9ca shamt=0
# RANDOM LOAD: seed=42 index=85 code=35ed0000 kind=MIPS_ORI rs=15 rt=13 rd=0 imm=0000 shamt=0
# RANDOM LOAD: seed=42 index=86 code=0288802a kind=MIPS_SLT rs=20 rt=8 rd=16 imm=0000 shamt=0
# RANDOM LOAD: seed=42 index=87 code=03cca824 kind=MIPS_AND rs=30 rt=12 rd=21 imm=0000 shamt=0
# RANDOM LOAD: seed=42 index=88 code=0020b022 kind=MIPS_SUB rs=1 rt=0 rd=22 imm=0000 shamt=0
# RANDOM LOAD: seed=42 index=89 code=00094f00 kind=MIPS_SLL rs=0 rt=9 rd=9 imm=0000 shamt=28
# RANDOM LOAD: seed=42 index=90 code=00170fc0 kind=MIPS_SLL rs=0 rt=23 rd=1 imm=0000 shamt=31
# RANDOM LOAD: seed=42 index=91 code=0043c824 kind=MIPS_AND rs=2 rt=3 rd=25 imm=0000 shamt=0
# RANDOM LOAD: seed=42 index=92 code=02f1702a kind=MIPS_SLT rs=23 rt=17 rd=14 imm=0000 shamt=0
# RANDOM LOAD: seed=42 index=93 code=02640824 kind=MIPS_AND rs=19 rt=4 rd=1 imm=0000 shamt=0
# RANDOM LOAD: seed=42 index=94 code=009e0022 kind=MIPS_SUB rs=4 rt=30 rd=0 imm=0000 shamt=0
# RANDOM ALU TEST PASS: seed=42 program_words=95 random_words=64 randomizations=95 model_steps=95 checks=293 writes=93 stalls=0
# ** Note: $finish    : /home/s23521611/project/mips/mips_school/tb/tb_mips_random_alu.sv(140)
#    Time: 1060 ns  Iteration: 1  Instance: /tb_mips_coverage/alu/test
# Break in Module tb_mips_random_alu at /home/s23521611/project/mips/mips_school/tb/tb_mips_random_alu.sv line 140
# Stopped at /home/s23521611/project/mips/mips_school/tb/tb_mips_random_alu.sv line 140
# COVERAGE RUN RESULT: name=alu_seed_42 completed=1 errors=0 signal_errors=0 monitor_errors=0 checks=293 sampled_events=95 model_steps=95
# COVERAGE RUN PASS: alu_seed_42
# End time: 15:00:15 on Oct 09,2026, Elapsed time: 0:00:02
# Errors: 0, Warnings: 1
# vsim -coverage -voptargs="+acc" -onfinish stop -lib /home/s23521611/project/mips/mips_school/tb/functional_coverage_run/coverage_work tb_mips_coverage "+SEED=42" "+RANDOM_BLOCKS=16" -gFAMILY=2 
# Start time: 15:00:15 on Oct 09,2026
# ** Note: (vsim-8009) Loading existing optimized design _opt2
# Loading sv_std.std
# Loading work.tb_mips_coverage(fast)
# Loading work.mips_random_memory_pkg(fast)
# Loading work.mips_instruction_pkg(fast)
# Loading work.mips_random_pkg(fast)
# Loading work.mips_reference_pkg(fast)
# Loading work.mips_scoreboard_pkg(fast)
# Loading work.tb_mips_random_memory(fast)
# Loading work.toplevel(fast)
# Loading work.PC(fast)
# Loading work.IMEM(fast)
# Loading work.IF_ID_reg(fast)
# Loading work.Controller(fast)
# Loading work.RegisterFile(fast)
# Loading work.Extender(fast)
# Loading work.HazardDetection(fast)
# Loading work.ID_EX_reg(fast)
# Loading work.Forwarding(fast)
# Loading work.ALUControl(fast)
# Loading work.ALU(fast)
# Loading work.EX_MEM_reg(fast)
# Loading work.DMEM(fast)
# Loading work.MEM_WB_reg(fast)
# Loading work.mips_coverage_pkg(fast)
# Loading work.mips_coverage_monitor(fast)
# ** Warning: (vsim-8634) Code was not compiled with coverage options.
# MEMORY LOAD: seed=42 index=0 code=20017fff kind=MIPS_ADDI rs=0 rt=1 rd=0 imm=7fff
# MEMORY LOAD: seed=42 index=1 code=20027fff kind=MIPS_ADDI rs=0 rt=2 rd=0 imm=7fff
# MEMORY LOAD: seed=42 index=2 code=2003ffff kind=MIPS_ADDI rs=0 rt=3 rd=0 imm=ffff
# MEMORY LOAD: seed=42 index=3 code=20040000 kind=MIPS_ADDI rs=0 rt=4 rd=0 imm=0000
# MEMORY LOAD: seed=42 index=4 code=20057c95 kind=MIPS_ADDI rs=0 rt=5 rd=0 imm=7c95
# MEMORY LOAD: seed=42 index=5 code=200684a0 kind=MIPS_ADDI rs=0 rt=6 rd=0 imm=84a0
# MEMORY LOAD: seed=42 index=6 code=20070000 kind=MIPS_ADDI rs=0 rt=7 rd=0 imm=0000
# MEMORY LOAD: seed=42 index=7 code=20087fff kind=MIPS_ADDI rs=0 rt=8 rd=0 imm=7fff
# MEMORY LOAD: seed=42 index=8 code=2009ffff kind=MIPS_ADDI rs=0 rt=9 rd=0 imm=ffff
# MEMORY LOAD: seed=42 index=9 code=200a7fff kind=MIPS_ADDI rs=0 rt=10 rd=0 imm=7fff
# MEMORY LOAD: seed=42 index=10 code=200b8000 kind=MIPS_ADDI rs=0 rt=11 rd=0 imm=8000
# MEMORY LOAD: seed=42 index=11 code=200c0001 kind=MIPS_ADDI rs=0 rt=12 rd=0 imm=0001
# MEMORY LOAD: seed=42 index=12 code=200d3c1f kind=MIPS_ADDI rs=0 rt=13 rd=0 imm=3c1f
# MEMORY LOAD: seed=42 index=13 code=200e0971 kind=MIPS_ADDI rs=0 rt=14 rd=0 imm=0971
# MEMORY LOAD: seed=42 index=14 code=200f3eb2 kind=MIPS_ADDI rs=0 rt=15 rd=0 imm=3eb2
# MEMORY LOAD: seed=42 index=15 code=2010866a kind=MIPS_ADDI rs=0 rt=16 rd=0 imm=866a
# MEMORY LOAD: seed=42 index=16 code=20117fff kind=MIPS_ADDI rs=0 rt=17 rd=0 imm=7fff
# MEMORY LOAD: seed=42 index=17 code=2012ed37 kind=MIPS_ADDI rs=0 rt=18 rd=0 imm=ed37
# MEMORY LOAD: seed=42 index=18 code=201360de kind=MIPS_ADDI rs=0 rt=19 rd=0 imm=60de
# MEMORY LOAD: seed=42 index=19 code=2014ffff kind=MIPS_ADDI rs=0 rt=20 rd=0 imm=ffff
# MEMORY LOAD: seed=42 index=20 code=20158000 kind=MIPS_ADDI rs=0 rt=21 rd=0 imm=8000
# MEMORY LOAD: seed=42 index=21 code=20160001 kind=MIPS_ADDI rs=0 rt=22 rd=0 imm=0001
# MEMORY LOAD: seed=42 index=22 code=20170000 kind=MIPS_ADDI rs=0 rt=23 rd=0 imm=0000
# MEMORY LOAD: seed=42 index=23 code=2018ffff kind=MIPS_ADDI rs=0 rt=24 rd=0 imm=ffff
# MEMORY LOAD: seed=42 index=24 code=20195d62 kind=MIPS_ADDI rs=0 rt=25 rd=0 imm=5d62
# MEMORY LOAD: seed=42 index=25 code=201a0000 kind=MIPS_ADDI rs=0 rt=26 rd=0 imm=0000
# MEMORY LOAD: seed=42 index=26 code=201b43f1 kind=MIPS_ADDI rs=0 rt=27 rd=0 imm=43f1
# MEMORY LOAD: seed=42 index=27 code=201c0001 kind=MIPS_ADDI rs=0 rt=28 rd=0 imm=0001
# MEMORY LOAD: seed=42 index=28 code=201dffff kind=MIPS_ADDI rs=0 rt=29 rd=0 imm=ffff
# MEMORY LOAD: seed=42 index=29 code=201e7fff kind=MIPS_ADDI rs=0 rt=30 rd=0 imm=7fff
# MEMORY LOAD: seed=42 index=30 code=201f0200 kind=MIPS_ADDI rs=0 rt=31 rd=0 imm=0200
# MEMORY BLOCK: seed=42 start=31 scenario=MEM_LOAD_USE_RS word=255 source=r1 load=r19 result=r29
# MEMORY LOAD: seed=42 index=31 code=afe101fc kind=MIPS_SW rs=31 rt=1 rd=0 imm=01fc
# MEMORY LOAD: seed=42 index=32 code=8ff301fc kind=MIPS_LW rs=31 rt=19 rd=0 imm=01fc
# MEMORY LOAD: seed=42 index=33 code=0261e820 kind=MIPS_ADD rs=19 rt=1 rd=29 imm=0000
# MEMORY LOAD: seed=42 index=34 code=affd01fc kind=MIPS_SW rs=31 rt=29 rd=0 imm=01fc
# MEMORY LOAD: seed=42 index=35 code=8ff301fc kind=MIPS_LW rs=31 rt=19 rd=0 imm=01fc
# MEMORY LOAD: seed=42 index=36 code=0033e826 kind=MIPS_XOR rs=1 rt=19 rd=29 imm=0000
# MEMORY BLOCK: seed=42 start=37 scenario=MEM_LOAD_STORE_DATA word=205 source=r12 load=r9 result=r21
# MEMORY LOAD: seed=42 index=37 code=afec0134 kind=MIPS_SW rs=31 rt=12 rd=0 imm=0134
# MEMORY LOAD: seed=42 index=38 code=8fe90134 kind=MIPS_LW rs=31 rt=9 rd=0 imm=0134
# MEMORY LOAD: seed=42 index=39 code=afe90130 kind=MIPS_SW rs=31 rt=9 rd=0 imm=0130
# MEMORY LOAD: seed=42 index=40 code=8ff50130 kind=MIPS_LW rs=31 rt=21 rd=0 imm=0130
# MEMORY LOAD: seed=42 index=41 code=02ac4820 kind=MIPS_ADD rs=21 rt=12 rd=9 imm=0000
# MEMORY LOAD: seed=42 index=42 code=afe90134 kind=MIPS_SW rs=31 rt=9 rd=0 imm=0134
# MEMORY BLOCK: seed=42 start=43 scenario=MEM_LOAD_ONE_GAP word=0 source=r5 load=r4 result=r14
# MEMORY LOAD: seed=42 index=43 code=afe5fe00 kind=MIPS_SW rs=31 rt=5 rd=0 imm=fe00
# MEMORY LOAD: seed=42 index=44 code=8fe4fe00 kind=MIPS_LW rs=31 rt=4 rd=0 imm=fe00
# MEMORY LOAD: seed=42 index=45 code=00a57020 kind=MIPS_ADD rs=5 rt=5 rd=14 imm=0000
# MEMORY LOAD: seed=42 index=46 code=00857026 kind=MIPS_XOR rs=4 rt=5 rd=14 imm=0000
# MEMORY LOAD: seed=42 index=47 code=afeefe04 kind=MIPS_SW rs=31 rt=14 rd=0 imm=fe04
# MEMORY LOAD: seed=42 index=48 code=00a47025 kind=MIPS_OR rs=5 rt=4 rd=14 imm=0000
# MEMORY BLOCK: seed=42 start=49 scenario=MEM_LOAD_ZERO word=127 source=r8 load=r17 result=r30
# MEMORY LOAD: seed=42 index=49 code=afe8fffc kind=MIPS_SW rs=31 rt=8 rd=0 imm=fffc
# MEMORY LOAD: seed=42 index=50 code=8fe0fffc kind=MIPS_LW rs=31 rt=0 rd=0 imm=fffc
# MEMORY LOAD: seed=42 index=51 code=0008f020 kind=MIPS_ADD rs=0 rt=8 rd=30 imm=0000
# MEMORY LOAD: seed=42 index=52 code=affefff8 kind=MIPS_SW rs=31 rt=30 rd=0 imm=fff8
# MEMORY LOAD: seed=42 index=53 code=8ff1fff8 kind=MIPS_LW rs=31 rt=17 rd=0 imm=fff8
# MEMORY LOAD: seed=42 index=54 code=aff1fffc kind=MIPS_SW rs=31 rt=17 rd=0 imm=fffc
# MEMORY BLOCK: seed=42 start=55 scenario=MEM_LOAD_STORE_DATA word=131 source=r19 load=r9 result=r11
# MEMORY LOAD: seed=42 index=55 code=aff3000c kind=MIPS_SW rs=31 rt=19 rd=0 imm=000c
# MEMORY LOAD: seed=42 index=56 code=8fe9000c kind=MIPS_LW rs=31 rt=9 rd=0 imm=000c
# MEMORY LOAD: seed=42 index=57 code=afe90008 kind=MIPS_SW rs=31 rt=9 rd=0 imm=0008
# MEMORY LOAD: seed=42 index=58 code=8feb0008 kind=MIPS_LW rs=31 rt=11 rd=0 imm=0008
# MEMORY LOAD: seed=42 index=59 code=01734820 kind=MIPS_ADD rs=11 rt=19 rd=9 imm=0000
# MEMORY LOAD: seed=42 index=60 code=afe9000c kind=MIPS_SW rs=31 rt=9 rd=0 imm=000c
# MEMORY BLOCK: seed=42 start=61 scenario=MEM_LOAD_ZERO word=127 source=r7 load=r18 result=r28
# MEMORY LOAD: seed=42 index=61 code=afe7fffc kind=MIPS_SW rs=31 rt=7 rd=0 imm=fffc
# MEMORY LOAD: seed=42 index=62 code=8fe0fffc kind=MIPS_LW rs=31 rt=0 rd=0 imm=fffc
# MEMORY LOAD: seed=42 index=63 code=0007e020 kind=MIPS_ADD rs=0 rt=7 rd=28 imm=0000
# MEMORY LOAD: seed=42 index=64 code=affcfff8 kind=MIPS_SW rs=31 rt=28 rd=0 imm=fff8
# MEMORY LOAD: seed=42 index=65 code=8ff2fff8 kind=MIPS_LW rs=31 rt=18 rd=0 imm=fff8
# MEMORY LOAD: seed=42 index=66 code=aff2fffc kind=MIPS_SW rs=31 rt=18 rd=0 imm=fffc
# MEMORY BLOCK: seed=42 start=67 scenario=MEM_LOAD_ZERO word=41 source=r27 load=r7 result=r8
# MEMORY LOAD: seed=42 index=67 code=affbfea4 kind=MIPS_SW rs=31 rt=27 rd=0 imm=fea4
# MEMORY LOAD: seed=42 index=68 code=8fe0fea4 kind=MIPS_LW rs=31 rt=0 rd=0 imm=fea4
# MEMORY LOAD: seed=42 index=69 code=001b4020 kind=MIPS_ADD rs=0 rt=27 rd=8 imm=0000
# MEMORY LOAD: seed=42 index=70 code=afe8fea0 kind=MIPS_SW rs=31 rt=8 rd=0 imm=fea0
# MEMORY LOAD: seed=42 index=71 code=8fe7fea0 kind=MIPS_LW rs=31 rt=7 rd=0 imm=fea0
# MEMORY LOAD: seed=42 index=72 code=afe7fea4 kind=MIPS_SW rs=31 rt=7 rd=0 imm=fea4
# MEMORY BLOCK: seed=42 start=73 scenario=MEM_LOAD_ONE_GAP word=90 source=r11 load=r5 result=r23
# MEMORY LOAD: seed=42 index=73 code=afebff68 kind=MIPS_SW rs=31 rt=11 rd=0 imm=ff68
# MEMORY LOAD: seed=42 index=74 code=8fe5ff68 kind=MIPS_LW rs=31 rt=5 rd=0 imm=ff68
# MEMORY LOAD: seed=42 index=75 code=016bb820 kind=MIPS_ADD rs=11 rt=11 rd=23 imm=0000
# MEMORY LOAD: seed=42 index=76 code=00abb826 kind=MIPS_XOR rs=5 rt=11 rd=23 imm=0000
# MEMORY LOAD: seed=42 index=77 code=aff7ff6c kind=MIPS_SW rs=31 rt=23 rd=0 imm=ff6c
# MEMORY LOAD: seed=42 index=78 code=0165b825 kind=MIPS_OR rs=11 rt=5 rd=23 imm=0000
# MEMORY BLOCK: seed=42 start=79 scenario=MEM_LOAD_ZERO word=43 source=r14 load=r15 result=r27
# MEMORY LOAD: seed=42 index=79 code=afeefeac kind=MIPS_SW rs=31 rt=14 rd=0 imm=feac
# MEMORY LOAD: seed=42 index=80 code=8fe0feac kind=MIPS_LW rs=31 rt=0 rd=0 imm=feac
# MEMORY LOAD: seed=42 index=81 code=000ed820 kind=MIPS_ADD rs=0 rt=14 rd=27 imm=0000
# MEMORY LOAD: seed=42 index=82 code=affbfea8 kind=MIPS_SW rs=31 rt=27 rd=0 imm=fea8
# MEMORY LOAD: seed=42 index=83 code=8feffea8 kind=MIPS_LW rs=31 rt=15 rd=0 imm=fea8
# MEMORY LOAD: seed=42 index=84 code=afeffeac kind=MIPS_SW rs=31 rt=15 rd=0 imm=feac
# MEMORY BLOCK: seed=42 start=85 scenario=MEM_LOAD_STORE_DATA word=128 source=r22 load=r21 result=r16
# MEMORY LOAD: seed=42 index=85 code=aff60000 kind=MIPS_SW rs=31 rt=22 rd=0 imm=0000
# MEMORY LOAD: seed=42 index=86 code=8ff50000 kind=MIPS_LW rs=31 rt=21 rd=0 imm=0000
# MEMORY LOAD: seed=42 index=87 code=aff50004 kind=MIPS_SW rs=31 rt=21 rd=0 imm=0004
# MEMORY LOAD: seed=42 index=88 code=8ff00004 kind=MIPS_LW rs=31 rt=16 rd=0 imm=0004
# MEMORY LOAD: seed=42 index=89 code=0216a820 kind=MIPS_ADD rs=16 rt=22 rd=21 imm=0000
# MEMORY LOAD: seed=42 index=90 code=aff50000 kind=MIPS_SW rs=31 rt=21 rd=0 imm=0000
# MEMORY BLOCK: seed=42 start=91 scenario=MEM_LOAD_STORE_DATA word=12 source=r20 load=r8 result=r17
# MEMORY LOAD: seed=42 index=91 code=aff4fe30 kind=MIPS_SW rs=31 rt=20 rd=0 imm=fe30
# MEMORY LOAD: seed=42 index=92 code=8fe8fe30 kind=MIPS_LW rs=31 rt=8 rd=0 imm=fe30
# MEMORY LOAD: seed=42 index=93 code=afe8fe34 kind=MIPS_SW rs=31 rt=8 rd=0 imm=fe34
# MEMORY LOAD: seed=42 index=94 code=8ff1fe34 kind=MIPS_LW rs=31 rt=17 rd=0 imm=fe34
# MEMORY LOAD: seed=42 index=95 code=02344020 kind=MIPS_ADD rs=17 rt=20 rd=8 imm=0000
# MEMORY LOAD: seed=42 index=96 code=afe8fe30 kind=MIPS_SW rs=31 rt=8 rd=0 imm=fe30
# MEMORY BLOCK: seed=42 start=97 scenario=MEM_LOAD_STORE_DATA word=113 source=r5 load=r15 result=r23
# MEMORY LOAD: seed=42 index=97 code=afe5ffc4 kind=MIPS_SW rs=31 rt=5 rd=0 imm=ffc4
# MEMORY LOAD: seed=42 index=98 code=8fefffc4 kind=MIPS_LW rs=31 rt=15 rd=0 imm=ffc4
# MEMORY LOAD: seed=42 index=99 code=afefffc0 kind=MIPS_SW rs=31 rt=15 rd=0 imm=ffc0
# MEMORY LOAD: seed=42 index=100 code=8ff7ffc0 kind=MIPS_LW rs=31 rt=23 rd=0 imm=ffc0
# MEMORY LOAD: seed=42 index=101 code=02e57820 kind=MIPS_ADD rs=23 rt=5 rd=15 imm=0000
# MEMORY LOAD: seed=42 index=102 code=afefffc4 kind=MIPS_SW rs=31 rt=15 rd=0 imm=ffc4
# MEMORY BLOCK: seed=42 start=103 scenario=MEM_LOAD_ZERO word=21 source=r19 load=r16 result=r24
# MEMORY LOAD: seed=42 index=103 code=aff3fe54 kind=MIPS_SW rs=31 rt=19 rd=0 imm=fe54
# MEMORY LOAD: seed=42 index=104 code=8fe0fe54 kind=MIPS_LW rs=31 rt=0 rd=0 imm=fe54
# MEMORY LOAD: seed=42 index=105 code=0013c020 kind=MIPS_ADD rs=0 rt=19 rd=24 imm=0000
# MEMORY LOAD: seed=42 index=106 code=aff8fe50 kind=MIPS_SW rs=31 rt=24 rd=0 imm=fe50
# MEMORY LOAD: seed=42 index=107 code=8ff0fe50 kind=MIPS_LW rs=31 rt=16 rd=0 imm=fe50
# MEMORY LOAD: seed=42 index=108 code=aff0fe54 kind=MIPS_SW rs=31 rt=16 rd=0 imm=fe54
# MEMORY BLOCK: seed=42 start=109 scenario=MEM_LOAD_ONE_GAP word=49 source=r24 load=r9 result=r8
# MEMORY LOAD: seed=42 index=109 code=aff8fec4 kind=MIPS_SW rs=31 rt=24 rd=0 imm=fec4
# MEMORY LOAD: seed=42 index=110 code=8fe9fec4 kind=MIPS_LW rs=31 rt=9 rd=0 imm=fec4
# MEMORY LOAD: seed=42 index=111 code=03184020 kind=MIPS_ADD rs=24 rt=24 rd=8 imm=0000
# MEMORY LOAD: seed=42 index=112 code=01384026 kind=MIPS_XOR rs=9 rt=24 rd=8 imm=0000
# MEMORY LOAD: seed=42 index=113 code=afe8fec0 kind=MIPS_SW rs=31 rt=8 rd=0 imm=fec0
# MEMORY LOAD: seed=42 index=114 code=03094025 kind=MIPS_OR rs=24 rt=9 rd=8 imm=0000
# MEMORY BLOCK: seed=42 start=115 scenario=MEM_LOAD_ONE_GAP word=196 source=r18 load=r26 result=r2
# MEMORY LOAD: seed=42 index=115 code=aff20110 kind=MIPS_SW rs=31 rt=18 rd=0 imm=0110
# MEMORY LOAD: seed=42 index=116 code=8ffa0110 kind=MIPS_LW rs=31 rt=26 rd=0 imm=0110
# MEMORY LOAD: seed=42 index=117 code=02521020 kind=MIPS_ADD rs=18 rt=18 rd=2 imm=0000
# MEMORY LOAD: seed=42 index=118 code=03521026 kind=MIPS_XOR rs=26 rt=18 rd=2 imm=0000
# MEMORY LOAD: seed=42 index=119 code=afe20114 kind=MIPS_SW rs=31 rt=2 rd=0 imm=0114
# MEMORY LOAD: seed=42 index=120 code=025a1025 kind=MIPS_OR rs=18 rt=26 rd=2 imm=0000
# MEMORY BLOCK: seed=42 start=121 scenario=MEM_LOAD_STORE_DATA word=58 source=r5 load=r11 result=r18
# MEMORY LOAD: seed=42 index=121 code=afe5fee8 kind=MIPS_SW rs=31 rt=5 rd=0 imm=fee8
# MEMORY LOAD: seed=42 index=122 code=8febfee8 kind=MIPS_LW rs=31 rt=11 rd=0 imm=fee8
# MEMORY LOAD: seed=42 index=123 code=afebfeec kind=MIPS_SW rs=31 rt=11 rd=0 imm=feec
# MEMORY LOAD: seed=42 index=124 code=8ff2feec kind=MIPS_LW rs=31 rt=18 rd=0 imm=feec
# MEMORY LOAD: seed=42 index=125 code=02455820 kind=MIPS_ADD rs=18 rt=5 rd=11 imm=0000
# MEMORY LOAD: seed=42 index=126 code=afebfee8 kind=MIPS_SW rs=31 rt=11 rd=0 imm=fee8
# RANDOM MEMORY TEST PASS: seed=42 blocks=16 words=127 randomizations=47 model_steps=127 checks=295 loads=28 stores=43 stalls=19 expected_stalls=19
# ** Note: $finish    : /home/s23521611/project/mips/mips_school/tb/tb_mips_random_memory.sv(220)
#    Time: 1570 ns  Iteration: 1  Instance: /tb_mips_coverage/memory/test
# Break in Module tb_mips_random_memory at /home/s23521611/project/mips/mips_school/tb/tb_mips_random_memory.sv line 220
# Stopped at /home/s23521611/project/mips/mips_school/tb/tb_mips_random_memory.sv line 220
# COVERAGE RUN RESULT: name=memory_seed_42 completed=1 errors=0 signal_errors=0 monitor_errors=0 checks=295 sampled_events=127 model_steps=127
# COVERAGE RUN PASS: memory_seed_42
# End time: 15:00:18 on Oct 09,2026, Elapsed time: 0:00:03
# Errors: 0, Warnings: 1
# vsim -coverage -voptargs="+acc" -onfinish stop -lib /home/s23521611/project/mips/mips_school/tb/functional_coverage_run/coverage_work tb_mips_coverage "+SEED=42" "+RANDOM_BLOCKS=12" -gFAMILY=3 
# Start time: 15:00:18 on Oct 09,2026
# ** Note: (vsim-8009) Loading existing optimized design _opt
# Loading sv_std.std
# Loading work.tb_mips_coverage(fast)
# Loading work.mips_random_branch_pkg(fast)
# Loading work.mips_instruction_pkg(fast)
# Loading work.mips_random_pkg(fast)
# Loading work.mips_reference_pkg(fast)
# Loading work.mips_scoreboard_pkg(fast)
# Loading work.tb_mips_random_branch(fast)
# Loading work.toplevel(fast)
# Loading work.PC(fast)
# Loading work.IMEM(fast)
# Loading work.IF_ID_reg(fast)
# Loading work.Controller(fast)
# Loading work.RegisterFile(fast)
# Loading work.Extender(fast)
# Loading work.HazardDetection(fast)
# Loading work.ID_EX_reg(fast)
# Loading work.Forwarding(fast)
# Loading work.ALUControl(fast)
# Loading work.ALU(fast)
# Loading work.EX_MEM_reg(fast)
# Loading work.DMEM(fast)
# Loading work.MEM_WB_reg(fast)
# Loading work.mips_coverage_pkg(fast)
# Loading work.mips_coverage_monitor(fast)
# ** Warning: (vsim-8634) Code was not compiled with coverage options.
# BRANCH LOAD: seed=42 index=0 code=20017fff kind=MIPS_ADDI rs=0 rt=1 rd=0 imm=7fff target=0
# BRANCH LOAD: seed=42 index=1 code=20027fff kind=MIPS_ADDI rs=0 rt=2 rd=0 imm=7fff target=0
# BRANCH LOAD: seed=42 index=2 code=2003ffff kind=MIPS_ADDI rs=0 rt=3 rd=0 imm=ffff target=0
# BRANCH LOAD: seed=42 index=3 code=20040000 kind=MIPS_ADDI rs=0 rt=4 rd=0 imm=0000 target=0
# BRANCH LOAD: seed=42 index=4 code=20057c95 kind=MIPS_ADDI rs=0 rt=5 rd=0 imm=7c95 target=0
# BRANCH LOAD: seed=42 index=5 code=200684a0 kind=MIPS_ADDI rs=0 rt=6 rd=0 imm=84a0 target=0
# BRANCH LOAD: seed=42 index=6 code=20070000 kind=MIPS_ADDI rs=0 rt=7 rd=0 imm=0000 target=0
# BRANCH LOAD: seed=42 index=7 code=20087fff kind=MIPS_ADDI rs=0 rt=8 rd=0 imm=7fff target=0
# BRANCH LOAD: seed=42 index=8 code=2009ffff kind=MIPS_ADDI rs=0 rt=9 rd=0 imm=ffff target=0
# BRANCH LOAD: seed=42 index=9 code=200a7fff kind=MIPS_ADDI rs=0 rt=10 rd=0 imm=7fff target=0
# BRANCH LOAD: seed=42 index=10 code=200b8000 kind=MIPS_ADDI rs=0 rt=11 rd=0 imm=8000 target=0
# BRANCH LOAD: seed=42 index=11 code=200c0001 kind=MIPS_ADDI rs=0 rt=12 rd=0 imm=0001 target=0
# BRANCH LOAD: seed=42 index=12 code=200d3c1f kind=MIPS_ADDI rs=0 rt=13 rd=0 imm=3c1f target=0
# BRANCH LOAD: seed=42 index=13 code=200e0971 kind=MIPS_ADDI rs=0 rt=14 rd=0 imm=0971 target=0
# BRANCH LOAD: seed=42 index=14 code=200f3eb2 kind=MIPS_ADDI rs=0 rt=15 rd=0 imm=3eb2 target=0
# BRANCH LOAD: seed=42 index=15 code=2010866a kind=MIPS_ADDI rs=0 rt=16 rd=0 imm=866a target=0
# BRANCH LOAD: seed=42 index=16 code=20117fff kind=MIPS_ADDI rs=0 rt=17 rd=0 imm=7fff target=0
# BRANCH LOAD: seed=42 index=17 code=2012ed37 kind=MIPS_ADDI rs=0 rt=18 rd=0 imm=ed37 target=0
# BRANCH LOAD: seed=42 index=18 code=201360de kind=MIPS_ADDI rs=0 rt=19 rd=0 imm=60de target=0
# BRANCH LOAD: seed=42 index=19 code=2014ffff kind=MIPS_ADDI rs=0 rt=20 rd=0 imm=ffff target=0
# BRANCH LOAD: seed=42 index=20 code=20158000 kind=MIPS_ADDI rs=0 rt=21 rd=0 imm=8000 target=0
# BRANCH LOAD: seed=42 index=21 code=20160001 kind=MIPS_ADDI rs=0 rt=22 rd=0 imm=0001 target=0
# BRANCH LOAD: seed=42 index=22 code=20170000 kind=MIPS_ADDI rs=0 rt=23 rd=0 imm=0000 target=0
# BRANCH LOAD: seed=42 index=23 code=2018ffff kind=MIPS_ADDI rs=0 rt=24 rd=0 imm=ffff target=0
# BRANCH LOAD: seed=42 index=24 code=20195d62 kind=MIPS_ADDI rs=0 rt=25 rd=0 imm=5d62 target=0
# BRANCH LOAD: seed=42 index=25 code=201a0000 kind=MIPS_ADDI rs=0 rt=26 rd=0 imm=0000 target=0
# BRANCH LOAD: seed=42 index=26 code=201b43f1 kind=MIPS_ADDI rs=0 rt=27 rd=0 imm=43f1 target=0
# BRANCH LOAD: seed=42 index=27 code=201c0001 kind=MIPS_ADDI rs=0 rt=28 rd=0 imm=0001 target=0
# BRANCH LOAD: seed=42 index=28 code=201dffff kind=MIPS_ADDI rs=0 rt=29 rd=0 imm=ffff target=0
# BRANCH LOAD: seed=42 index=29 code=201e7fff kind=MIPS_ADDI rs=0 rt=30 rd=0 imm=7fff target=0
# BRANCH LOAD: seed=42 index=30 code=201f0000 kind=MIPS_ADDI rs=0 rt=31 rd=0 imm=0000 target=0
# BRANCH BLOCK: seed=42 start=31 scenario=CF_BEQ_TAKEN left=r7 right=r28 result=r9 counter=r2 value=ffff marker=3da5 iterations=1
# BRANCH LOAD: seed=42 index=31 code=2007ffff kind=MIPS_ADDI rs=0 rt=7 rd=0 imm=ffff target=0
# BRANCH LOAD: seed=42 index=32 code=201cffff kind=MIPS_ADDI rs=0 rt=28 rd=0 imm=ffff target=0
# BRANCH LOAD: seed=42 index=33 code=10fc0002 kind=MIPS_BEQ rs=7 rt=28 rd=0 imm=0002 target=0
# BRANCH LOAD: seed=42 index=34 code=ac070000 kind=MIPS_SW rs=0 rt=7 rd=0 imm=0000 target=0
# BRANCH LOAD: seed=42 index=35 code=201f0001 kind=MIPS_ADDI rs=0 rt=31 rd=0 imm=0001 target=0
# BRANCH LOAD: seed=42 index=36 code=20093da5 kind=MIPS_ADDI rs=0 rt=9 rd=0 imm=3da5 target=0
# BRANCH LOAD: seed=42 index=37 code=ac090080 kind=MIPS_SW rs=0 rt=9 rd=0 imm=0080 target=0
# BRANCH LOAD: seed=42 index=38 code=00000000 kind=MIPS_SLL rs=0 rt=0 rd=0 imm=0000 target=0
# BRANCH LOAD: seed=42 index=39 code=00000000 kind=MIPS_SLL rs=0 rt=0 rd=0 imm=0000 target=0
# BRANCH LOAD: seed=42 index=40 code=00000000 kind=MIPS_SLL rs=0 rt=0 rd=0 imm=0000 target=0
# BRANCH LOAD: seed=42 index=41 code=00000000 kind=MIPS_SLL rs=0 rt=0 rd=0 imm=0000 target=0
# BRANCH LOAD: seed=42 index=42 code=00000000 kind=MIPS_SLL rs=0 rt=0 rd=0 imm=0000 target=0
# BRANCH BLOCK: seed=42 start=43 scenario=CF_BEQ_NOT_TAKEN left=r19 right=r24 result=r13 counter=r4 value=7112 marker=38f4 iterations=4
# BRANCH LOAD: seed=42 index=43 code=20137112 kind=MIPS_ADDI rs=0 rt=19 rd=0 imm=7112 target=0
# BRANCH LOAD: seed=42 index=44 code=20187113 kind=MIPS_ADDI rs=0 rt=24 rd=0 imm=7113 target=0
# BRANCH LOAD: seed=42 index=45 code=12780002 kind=MIPS_BEQ rs=19 rt=24 rd=0 imm=0002 target=0
# BRANCH LOAD: seed=42 index=46 code=ac130004 kind=MIPS_SW rs=0 rt=19 rd=0 imm=0004 target=0
# BRANCH LOAD: seed=42 index=47 code=200d0001 kind=MIPS_ADDI rs=0 rt=13 rd=0 imm=0001 target=0
# BRANCH LOAD: seed=42 index=48 code=200d38f4 kind=MIPS_ADDI rs=0 rt=13 rd=0 imm=38f4 target=0
# BRANCH LOAD: seed=42 index=49 code=ac0d0084 kind=MIPS_SW rs=0 rt=13 rd=0 imm=0084 target=0
# BRANCH LOAD: seed=42 index=50 code=00000000 kind=MIPS_SLL rs=0 rt=0 rd=0 imm=0000 target=0
# BRANCH LOAD: seed=42 index=51 code=00000000 kind=MIPS_SLL rs=0 rt=0 rd=0 imm=0000 target=0
# BRANCH LOAD: seed=42 index=52 code=00000000 kind=MIPS_SLL rs=0 rt=0 rd=0 imm=0000 target=0
# BRANCH LOAD: seed=42 index=53 code=00000000 kind=MIPS_SLL rs=0 rt=0 rd=0 imm=0000 target=0
# BRANCH LOAD: seed=42 index=54 code=00000000 kind=MIPS_SLL rs=0 rt=0 rd=0 imm=0000 target=0
# BRANCH BLOCK: seed=42 start=55 scenario=CF_BNE_TAKEN left=r24 right=r19 result=r27 counter=r8 value=8000 marker=6995 iterations=3
# BRANCH LOAD: seed=42 index=55 code=20188000 kind=MIPS_ADDI rs=0 rt=24 rd=0 imm=8000 target=0
# BRANCH LOAD: seed=42 index=56 code=20138001 kind=MIPS_ADDI rs=0 rt=19 rd=0 imm=8001 target=0
# BRANCH LOAD: seed=42 index=57 code=17130002 kind=MIPS_BNE rs=24 rt=19 rd=0 imm=0002 target=0
# BRANCH LOAD: seed=42 index=58 code=ac180008 kind=MIPS_SW rs=0 rt=24 rd=0 imm=0008 target=0
# BRANCH LOAD: seed=42 index=59 code=201f0001 kind=MIPS_ADDI rs=0 rt=31 rd=0 imm=0001 target=0
# BRANCH LOAD: seed=42 index=60 code=201b6995 kind=MIPS_ADDI rs=0 rt=27 rd=0 imm=6995 target=0
# BRANCH LOAD: seed=42 index=61 code=ac1b0088 kind=MIPS_SW rs=0 rt=27 rd=0 imm=0088 target=0
# BRANCH LOAD: seed=42 index=62 code=00000000 kind=MIPS_SLL rs=0 rt=0 rd=0 imm=0000 target=0
# BRANCH LOAD: seed=42 index=63 code=00000000 kind=MIPS_SLL rs=0 rt=0 rd=0 imm=0000 target=0
# BRANCH LOAD: seed=42 index=64 code=00000000 kind=MIPS_SLL rs=0 rt=0 rd=0 imm=0000 target=0
# BRANCH LOAD: seed=42 index=65 code=00000000 kind=MIPS_SLL rs=0 rt=0 rd=0 imm=0000 target=0
# BRANCH LOAD: seed=42 index=66 code=00000000 kind=MIPS_SLL rs=0 rt=0 rd=0 imm=0000 target=0
# BRANCH BLOCK: seed=42 start=67 scenario=CF_BNE_NOT_TAKEN left=r11 right=r20 result=r8 counter=r4 value=ea8b marker=7954 iterations=2
# BRANCH LOAD: seed=42 index=67 code=200bea8b kind=MIPS_ADDI rs=0 rt=11 rd=0 imm=ea8b target=0
# BRANCH LOAD: seed=42 index=68 code=2014ea8b kind=MIPS_ADDI rs=0 rt=20 rd=0 imm=ea8b target=0
# BRANCH LOAD: seed=42 index=69 code=15740002 kind=MIPS_BNE rs=11 rt=20 rd=0 imm=0002 target=0
# BRANCH LOAD: seed=42 index=70 code=ac0b000c kind=MIPS_SW rs=0 rt=11 rd=0 imm=000c target=0
# BRANCH LOAD: seed=42 index=71 code=20080001 kind=MIPS_ADDI rs=0 rt=8 rd=0 imm=0001 target=0
# BRANCH LOAD: seed=42 index=72 code=20087954 kind=MIPS_ADDI rs=0 rt=8 rd=0 imm=7954 target=0
# BRANCH LOAD: seed=42 index=73 code=ac08008c kind=MIPS_SW rs=0 rt=8 rd=0 imm=008c target=0
# BRANCH LOAD: seed=42 index=74 code=00000000 kind=MIPS_SLL rs=0 rt=0 rd=0 imm=0000 target=0
# BRANCH LOAD: seed=42 index=75 code=00000000 kind=MIPS_SLL rs=0 rt=0 rd=0 imm=0000 target=0
# BRANCH LOAD: seed=42 index=76 code=00000000 kind=MIPS_SLL rs=0 rt=0 rd=0 imm=0000 target=0
# BRANCH LOAD: seed=42 index=77 code=00000000 kind=MIPS_SLL rs=0 rt=0 rd=0 imm=0000 target=0
# BRANCH LOAD: seed=42 index=78 code=00000000 kind=MIPS_SLL rs=0 rt=0 rd=0 imm=0000 target=0
# BRANCH BLOCK: seed=42 start=79 scenario=CF_JUMP_FORWARD left=r5 right=r18 result=r4 counter=r20 value=461b marker=7dfc iterations=4
# BRANCH LOAD: seed=42 index=79 code=2005461b kind=MIPS_ADDI rs=0 rt=5 rd=0 imm=461b target=0
# BRANCH LOAD: seed=42 index=80 code=08000054 kind=MIPS_J rs=0 rt=0 rd=0 imm=0000 target=84
# BRANCH LOAD: seed=42 index=81 code=ac050010 kind=MIPS_SW rs=0 rt=5 rd=0 imm=0010 target=0
# BRANCH LOAD: seed=42 index=82 code=201f0001 kind=MIPS_ADDI rs=0 rt=31 rd=0 imm=0001 target=0
# BRANCH LOAD: seed=42 index=83 code=20040001 kind=MIPS_ADDI rs=0 rt=4 rd=0 imm=0001 target=0
# BRANCH LOAD: seed=42 index=84 code=20047dfc kind=MIPS_ADDI rs=0 rt=4 rd=0 imm=7dfc target=0
# BRANCH LOAD: seed=42 index=85 code=ac040090 kind=MIPS_SW rs=0 rt=4 rd=0 imm=0090 target=0
# BRANCH LOAD: seed=42 index=86 code=00000000 kind=MIPS_SLL rs=0 rt=0 rd=0 imm=0000 target=0
# BRANCH LOAD: seed=42 index=87 code=00000000 kind=MIPS_SLL rs=0 rt=0 rd=0 imm=0000 target=0
# BRANCH LOAD: seed=42 index=88 code=00000000 kind=MIPS_SLL rs=0 rt=0 rd=0 imm=0000 target=0
# BRANCH LOAD: seed=42 index=89 code=00000000 kind=MIPS_SLL rs=0 rt=0 rd=0 imm=0000 target=0
# BRANCH LOAD: seed=42 index=90 code=00000000 kind=MIPS_SLL rs=0 rt=0 rd=0 imm=0000 target=0
# BRANCH BLOCK: seed=42 start=91 scenario=CF_BOUNDED_LOOP left=r2 right=r21 result=r17 counter=r28 value=fcfb marker=22c5 iterations=3
# BRANCH LOAD: seed=42 index=91 code=201c0003 kind=MIPS_ADDI rs=0 rt=28 rd=0 imm=0003 target=0
# BRANCH LOAD: seed=42 index=92 code=201122c5 kind=MIPS_ADDI rs=0 rt=17 rd=0 imm=22c5 target=0
# BRANCH LOAD: seed=42 index=93 code=22310001 kind=MIPS_ADDI rs=17 rt=17 rd=0 imm=0001 target=0
# BRANCH LOAD: seed=42 index=94 code=239cffff kind=MIPS_ADDI rs=28 rt=28 rd=0 imm=ffff target=0
# BRANCH LOAD: seed=42 index=95 code=1780fffd kind=MIPS_BNE rs=28 rt=0 rd=0 imm=fffd target=0
# BRANCH LOAD: seed=42 index=96 code=ac110094 kind=MIPS_SW rs=0 rt=17 rd=0 imm=0094 target=0
# BRANCH LOAD: seed=42 index=97 code=00000000 kind=MIPS_SLL rs=0 rt=0 rd=0 imm=0000 target=0
# BRANCH LOAD: seed=42 index=98 code=00000000 kind=MIPS_SLL rs=0 rt=0 rd=0 imm=0000 target=0
# BRANCH LOAD: seed=42 index=99 code=00000000 kind=MIPS_SLL rs=0 rt=0 rd=0 imm=0000 target=0
# BRANCH LOAD: seed=42 index=100 code=00000000 kind=MIPS_SLL rs=0 rt=0 rd=0 imm=0000 target=0
# BRANCH LOAD: seed=42 index=101 code=00000000 kind=MIPS_SLL rs=0 rt=0 rd=0 imm=0000 target=0
# BRANCH LOAD: seed=42 index=102 code=00000000 kind=MIPS_SLL rs=0 rt=0 rd=0 imm=0000 target=0
# BRANCH BLOCK: seed=42 start=103 scenario=CF_LOAD_BRANCH left=r30 right=r26 result=r11 counter=r14 value=8000 marker=1797 iterations=3
# BRANCH LOAD: seed=42 index=103 code=201e8000 kind=MIPS_ADDI rs=0 rt=30 rd=0 imm=8000 target=0
# BRANCH LOAD: seed=42 index=104 code=ac1e0118 kind=MIPS_SW rs=0 rt=30 rd=0 imm=0118 target=0
# BRANCH LOAD: seed=42 index=105 code=8c1a0118 kind=MIPS_LW rs=0 rt=26 rd=0 imm=0118 target=0
# BRANCH LOAD: seed=42 index=106 code=135e0002 kind=MIPS_BEQ rs=26 rt=30 rd=0 imm=0002 target=0
# BRANCH LOAD: seed=42 index=107 code=ac1e0018 kind=MIPS_SW rs=0 rt=30 rd=0 imm=0018 target=0
# BRANCH LOAD: seed=42 index=108 code=201f0001 kind=MIPS_ADDI rs=0 rt=31 rd=0 imm=0001 target=0
# BRANCH LOAD: seed=42 index=109 code=200b1797 kind=MIPS_ADDI rs=0 rt=11 rd=0 imm=1797 target=0
# BRANCH LOAD: seed=42 index=110 code=ac0b0098 kind=MIPS_SW rs=0 rt=11 rd=0 imm=0098 target=0
# BRANCH LOAD: seed=42 index=111 code=00000000 kind=MIPS_SLL rs=0 rt=0 rd=0 imm=0000 target=0
# BRANCH LOAD: seed=42 index=112 code=00000000 kind=MIPS_SLL rs=0 rt=0 rd=0 imm=0000 target=0
# BRANCH LOAD: seed=42 index=113 code=00000000 kind=MIPS_SLL rs=0 rt=0 rd=0 imm=0000 target=0
# BRANCH LOAD: seed=42 index=114 code=00000000 kind=MIPS_SLL rs=0 rt=0 rd=0 imm=0000 target=0
# BRANCH BLOCK: seed=42 start=115 scenario=CF_BRANCH_OVER_JUMP left=r22 right=r27 result=r26 counter=r18 value=94b0 marker=3624 iterations=3
# BRANCH LOAD: seed=42 index=115 code=201694b0 kind=MIPS_ADDI rs=0 rt=22 rd=0 imm=94b0 target=0
# BRANCH LOAD: seed=42 index=116 code=201b94b0 kind=MIPS_ADDI rs=0 rt=27 rd=0 imm=94b0 target=0
# BRANCH LOAD: seed=42 index=117 code=12db0003 kind=MIPS_BEQ rs=22 rt=27 rd=0 imm=0003 target=0
# BRANCH LOAD: seed=42 index=118 code=0800007c kind=MIPS_J rs=0 rt=0 rd=0 imm=0000 target=124
# BRANCH LOAD: seed=42 index=119 code=ac16001c kind=MIPS_SW rs=0 rt=22 rd=0 imm=001c target=0
# BRANCH LOAD: seed=42 index=120 code=201f0001 kind=MIPS_ADDI rs=0 rt=31 rd=0 imm=0001 target=0
# BRANCH LOAD: seed=42 index=121 code=201a3624 kind=MIPS_ADDI rs=0 rt=26 rd=0 imm=3624 target=0
# BRANCH LOAD: seed=42 index=122 code=0800007e kind=MIPS_J rs=0 rt=0 rd=0 imm=0000 target=126
# BRANCH LOAD: seed=42 index=123 code=ac16001c kind=MIPS_SW rs=0 rt=22 rd=0 imm=001c target=0
# BRANCH LOAD: seed=42 index=124 code=201f0001 kind=MIPS_ADDI rs=0 rt=31 rd=0 imm=0001 target=0
# BRANCH LOAD: seed=42 index=125 code=201a0001 kind=MIPS_ADDI rs=0 rt=26 rd=0 imm=0001 target=0
# BRANCH LOAD: seed=42 index=126 code=ac1a009c kind=MIPS_SW rs=0 rt=26 rd=0 imm=009c target=0
# BRANCH BLOCK: seed=42 start=127 scenario=CF_BRANCH_OVER_JUMP left=r6 right=r14 result=r20 counter=r25 value=ffff marker=496c iterations=3
# BRANCH LOAD: seed=42 index=127 code=2006ffff kind=MIPS_ADDI rs=0 rt=6 rd=0 imm=ffff target=0
# BRANCH LOAD: seed=42 index=128 code=200effff kind=MIPS_ADDI rs=0 rt=14 rd=0 imm=ffff target=0
# BRANCH LOAD: seed=42 index=129 code=10ce0003 kind=MIPS_BEQ rs=6 rt=14 rd=0 imm=0003 target=0
# BRANCH LOAD: seed=42 index=130 code=08000088 kind=MIPS_J rs=0 rt=0 rd=0 imm=0000 target=136
# BRANCH LOAD: seed=42 index=131 code=ac060020 kind=MIPS_SW rs=0 rt=6 rd=0 imm=0020 target=0
# BRANCH LOAD: seed=42 index=132 code=201f0001 kind=MIPS_ADDI rs=0 rt=31 rd=0 imm=0001 target=0
# BRANCH LOAD: seed=42 index=133 code=2014496c kind=MIPS_ADDI rs=0 rt=20 rd=0 imm=496c target=0
# BRANCH LOAD: seed=42 index=134 code=0800008a kind=MIPS_J rs=0 rt=0 rd=0 imm=0000 target=138
# BRANCH LOAD: seed=42 index=135 code=ac060020 kind=MIPS_SW rs=0 rt=6 rd=0 imm=0020 target=0
# BRANCH LOAD: seed=42 index=136 code=201f0001 kind=MIPS_ADDI rs=0 rt=31 rd=0 imm=0001 target=0
# BRANCH LOAD: seed=42 index=137 code=20140001 kind=MIPS_ADDI rs=0 rt=20 rd=0 imm=0001 target=0
# BRANCH LOAD: seed=42 index=138 code=ac1400a0 kind=MIPS_SW rs=0 rt=20 rd=0 imm=00a0 target=0
# BRANCH BLOCK: seed=42 start=139 scenario=CF_BEQ_NOT_TAKEN left=r16 right=r27 result=r28 counter=r1 value=0001 marker=1064 iterations=3
# BRANCH LOAD: seed=42 index=139 code=20100001 kind=MIPS_ADDI rs=0 rt=16 rd=0 imm=0001 target=0
# BRANCH LOAD: seed=42 index=140 code=201b0000 kind=MIPS_ADDI rs=0 rt=27 rd=0 imm=0000 target=0
# BRANCH LOAD: seed=42 index=141 code=121b0002 kind=MIPS_BEQ rs=16 rt=27 rd=0 imm=0002 target=0
# BRANCH LOAD: seed=42 index=142 code=ac100024 kind=MIPS_SW rs=0 rt=16 rd=0 imm=0024 target=0
# BRANCH LOAD: seed=42 index=143 code=201c0001 kind=MIPS_ADDI rs=0 rt=28 rd=0 imm=0001 target=0
# BRANCH LOAD: seed=42 index=144 code=201c1064 kind=MIPS_ADDI rs=0 rt=28 rd=0 imm=1064 target=0
# BRANCH LOAD: seed=42 index=145 code=ac1c00a4 kind=MIPS_SW rs=0 rt=28 rd=0 imm=00a4 target=0
# BRANCH LOAD: seed=42 index=146 code=00000000 kind=MIPS_SLL rs=0 rt=0 rd=0 imm=0000 target=0
# BRANCH LOAD: seed=42 index=147 code=00000000 kind=MIPS_SLL rs=0 rt=0 rd=0 imm=0000 target=0
# BRANCH LOAD: seed=42 index=148 code=00000000 kind=MIPS_SLL rs=0 rt=0 rd=0 imm=0000 target=0
# BRANCH LOAD: seed=42 index=149 code=00000000 kind=MIPS_SLL rs=0 rt=0 rd=0 imm=0000 target=0
# BRANCH LOAD: seed=42 index=150 code=00000000 kind=MIPS_SLL rs=0 rt=0 rd=0 imm=0000 target=0
# BRANCH BLOCK: seed=42 start=151 scenario=CF_BEQ_NOT_TAKEN left=r29 right=r3 result=r22 counter=r6 value=6e98 marker=5b50 iterations=1
# BRANCH LOAD: seed=42 index=151 code=201d6e98 kind=MIPS_ADDI rs=0 rt=29 rd=0 imm=6e98 target=0
# BRANCH LOAD: seed=42 index=152 code=20036e99 kind=MIPS_ADDI rs=0 rt=3 rd=0 imm=6e99 target=0
# BRANCH LOAD: seed=42 index=153 code=13a30002 kind=MIPS_BEQ rs=29 rt=3 rd=0 imm=0002 target=0
# BRANCH LOAD: seed=42 index=154 code=ac1d0028 kind=MIPS_SW rs=0 rt=29 rd=0 imm=0028 target=0
# BRANCH LOAD: seed=42 index=155 code=20160001 kind=MIPS_ADDI rs=0 rt=22 rd=0 imm=0001 target=0
# BRANCH LOAD: seed=42 index=156 code=20165b50 kind=MIPS_ADDI rs=0 rt=22 rd=0 imm=5b50 target=0
# BRANCH LOAD: seed=42 index=157 code=ac1600a8 kind=MIPS_SW rs=0 rt=22 rd=0 imm=00a8 target=0
# BRANCH LOAD: seed=42 index=158 code=00000000 kind=MIPS_SLL rs=0 rt=0 rd=0 imm=0000 target=0
# BRANCH LOAD: seed=42 index=159 code=00000000 kind=MIPS_SLL rs=0 rt=0 rd=0 imm=0000 target=0
# BRANCH LOAD: seed=42 index=160 code=00000000 kind=MIPS_SLL rs=0 rt=0 rd=0 imm=0000 target=0
# BRANCH LOAD: seed=42 index=161 code=00000000 kind=MIPS_SLL rs=0 rt=0 rd=0 imm=0000 target=0
# BRANCH LOAD: seed=42 index=162 code=00000000 kind=MIPS_SLL rs=0 rt=0 rd=0 imm=0000 target=0
# BRANCH BLOCK: seed=42 start=163 scenario=CF_BOUNDED_LOOP left=r18 right=r4 result=r8 counter=r22 value=92d7 marker=1cd1 iterations=3
# BRANCH LOAD: seed=42 index=163 code=20160003 kind=MIPS_ADDI rs=0 rt=22 rd=0 imm=0003 target=0
# BRANCH LOAD: seed=42 index=164 code=20081cd1 kind=MIPS_ADDI rs=0 rt=8 rd=0 imm=1cd1 target=0
# BRANCH LOAD: seed=42 index=165 code=21080001 kind=MIPS_ADDI rs=8 rt=8 rd=0 imm=0001 target=0
# BRANCH LOAD: seed=42 index=166 code=22d6ffff kind=MIPS_ADDI rs=22 rt=22 rd=0 imm=ffff target=0
# BRANCH LOAD: seed=42 index=167 code=16c0fffd kind=MIPS_BNE rs=22 rt=0 rd=0 imm=fffd target=0
# BRANCH LOAD: seed=42 index=168 code=ac0800ac kind=MIPS_SW rs=0 rt=8 rd=0 imm=00ac target=0
# BRANCH LOAD: seed=42 index=169 code=00000000 kind=MIPS_SLL rs=0 rt=0 rd=0 imm=0000 target=0
# BRANCH LOAD: seed=42 index=170 code=00000000 kind=MIPS_SLL rs=0 rt=0 rd=0 imm=0000 target=0
# BRANCH LOAD: seed=42 index=171 code=00000000 kind=MIPS_SLL rs=0 rt=0 rd=0 imm=0000 target=0
# BRANCH LOAD: seed=42 index=172 code=00000000 kind=MIPS_SLL rs=0 rt=0 rd=0 imm=0000 target=0
# BRANCH LOAD: seed=42 index=173 code=00000000 kind=MIPS_SLL rs=0 rt=0 rd=0 imm=0000 target=0
# BRANCH LOAD: seed=42 index=174 code=00000000 kind=MIPS_SLL rs=0 rt=0 rd=0 imm=0000 target=0
# RANDOM BRANCH TEST PASS: seed=42 blocks=12 words=175 randomizations=43 model_steps=166 checks=295 taken=9 not_taken=6 jumps=3 stalls=1 loads=1 stores=17
# ** Note: $finish    : /home/s23521611/project/mips/mips_school/tb/tb_mips_random_branch.sv(299)
#    Time: 1990 ns  Iteration: 1  Instance: /tb_mips_coverage/branch/test
# Break in Module tb_mips_random_branch at /home/s23521611/project/mips/mips_school/tb/tb_mips_random_branch.sv line 299
# Stopped at /home/s23521611/project/mips/mips_school/tb/tb_mips_random_branch.sv line 299
# COVERAGE RUN RESULT: name=branch_seed_42 completed=1 errors=0 signal_errors=0 monitor_errors=0 checks=295 sampled_events=166 model_steps=166
# COVERAGE RUN PASS: branch_seed_42
# End time: 15:00:21 on Oct 09,2026, Elapsed time: 0:00:03
# Errors: 0, Warnings: 1
# vsim -coverage -voptargs="+acc" -onfinish stop -lib /home/s23521611/project/mips/mips_school/tb/functional_coverage_run/coverage_work tb_mips_coverage "+SEED=2026" "+RANDOM_WORDS=64" -gFAMILY=1 
# Start time: 15:00:21 on Oct 09,2026
# ** Note: (vsim-8009) Loading existing optimized design _opt1
# Loading sv_std.std
# Loading work.tb_mips_coverage(fast)
# Loading work.mips_instruction_pkg(fast)
# Loading work.mips_random_pkg(fast)
# Loading work.mips_reference_pkg(fast)
# Loading work.mips_scoreboard_pkg(fast)
# Loading work.tb_mips_random_alu(fast)
# Loading work.toplevel(fast)
# Loading work.PC(fast)
# Loading work.IMEM(fast)
# Loading work.IF_ID_reg(fast)
# Loading work.Controller(fast)
# Loading work.RegisterFile(fast)
# Loading work.Extender(fast)
# Loading work.HazardDetection(fast)
# Loading work.ID_EX_reg(fast)
# Loading work.Forwarding(fast)
# Loading work.ALUControl(fast)
# Loading work.ALU(fast)
# Loading work.EX_MEM_reg(fast)
# Loading work.DMEM(fast)
# Loading work.MEM_WB_reg(fast)
# Loading work.mips_coverage_pkg(fast)
# Loading work.mips_coverage_monitor(fast)
# ** Warning: (vsim-8634) Code was not compiled with coverage options.
# RANDOM LOAD: seed=2026 index=0 code=20010001 kind=MIPS_ADDI rs=0 rt=1 rd=0 imm=0001 shamt=0
# RANDOM LOAD: seed=2026 index=1 code=2002ffff kind=MIPS_ADDI rs=0 rt=2 rd=0 imm=ffff shamt=0
# RANDOM LOAD: seed=2026 index=2 code=20039a83 kind=MIPS_ADDI rs=0 rt=3 rd=0 imm=9a83 shamt=0
# RANDOM LOAD: seed=2026 index=3 code=2004c9fb kind=MIPS_ADDI rs=0 rt=4 rd=0 imm=c9fb shamt=0
# RANDOM LOAD: seed=2026 index=4 code=20050001 kind=MIPS_ADDI rs=0 rt=5 rd=0 imm=0001 shamt=0
# RANDOM LOAD: seed=2026 index=5 code=20060001 kind=MIPS_ADDI rs=0 rt=6 rd=0 imm=0001 shamt=0
# RANDOM LOAD: seed=2026 index=6 code=200740b0 kind=MIPS_ADDI rs=0 rt=7 rd=0 imm=40b0 shamt=0
# RANDOM LOAD: seed=2026 index=7 code=20087fff kind=MIPS_ADDI rs=0 rt=8 rd=0 imm=7fff shamt=0
# RANDOM LOAD: seed=2026 index=8 code=20098000 kind=MIPS_ADDI rs=0 rt=9 rd=0 imm=8000 shamt=0
# RANDOM LOAD: seed=2026 index=9 code=200affff kind=MIPS_ADDI rs=0 rt=10 rd=0 imm=ffff shamt=0
# RANDOM LOAD: seed=2026 index=10 code=200bbcca kind=MIPS_ADDI rs=0 rt=11 rd=0 imm=bcca shamt=0
# RANDOM LOAD: seed=2026 index=11 code=200c7fff kind=MIPS_ADDI rs=0 rt=12 rd=0 imm=7fff shamt=0
# RANDOM LOAD: seed=2026 index=12 code=200d05fd kind=MIPS_ADDI rs=0 rt=13 rd=0 imm=05fd shamt=0
# RANDOM LOAD: seed=2026 index=13 code=200e1634 kind=MIPS_ADDI rs=0 rt=14 rd=0 imm=1634 shamt=0
# RANDOM LOAD: seed=2026 index=14 code=200fffff kind=MIPS_ADDI rs=0 rt=15 rd=0 imm=ffff shamt=0
# RANDOM LOAD: seed=2026 index=15 code=20100001 kind=MIPS_ADDI rs=0 rt=16 rd=0 imm=0001 shamt=0
# RANDOM LOAD: seed=2026 index=16 code=2011c736 kind=MIPS_ADDI rs=0 rt=17 rd=0 imm=c736 shamt=0
# RANDOM LOAD: seed=2026 index=17 code=201242a9 kind=MIPS_ADDI rs=0 rt=18 rd=0 imm=42a9 shamt=0
# RANDOM LOAD: seed=2026 index=18 code=20135190 kind=MIPS_ADDI rs=0 rt=19 rd=0 imm=5190 shamt=0
# RANDOM LOAD: seed=2026 index=19 code=20149e34 kind=MIPS_ADDI rs=0 rt=20 rd=0 imm=9e34 shamt=0
# RANDOM LOAD: seed=2026 index=20 code=2015e834 kind=MIPS_ADDI rs=0 rt=21 rd=0 imm=e834 shamt=0
# RANDOM LOAD: seed=2026 index=21 code=20168000 kind=MIPS_ADDI rs=0 rt=22 rd=0 imm=8000 shamt=0
# RANDOM LOAD: seed=2026 index=22 code=20170000 kind=MIPS_ADDI rs=0 rt=23 rd=0 imm=0000 shamt=0
# RANDOM LOAD: seed=2026 index=23 code=2018ffff kind=MIPS_ADDI rs=0 rt=24 rd=0 imm=ffff shamt=0
# RANDOM LOAD: seed=2026 index=24 code=20190000 kind=MIPS_ADDI rs=0 rt=25 rd=0 imm=0000 shamt=0
# RANDOM LOAD: seed=2026 index=25 code=201a8000 kind=MIPS_ADDI rs=0 rt=26 rd=0 imm=8000 shamt=0
# RANDOM LOAD: seed=2026 index=26 code=201b0000 kind=MIPS_ADDI rs=0 rt=27 rd=0 imm=0000 shamt=0
# RANDOM LOAD: seed=2026 index=27 code=201ce8be kind=MIPS_ADDI rs=0 rt=28 rd=0 imm=e8be shamt=0
# RANDOM LOAD: seed=2026 index=28 code=201dec49 kind=MIPS_ADDI rs=0 rt=29 rd=0 imm=ec49 shamt=0
# RANDOM LOAD: seed=2026 index=29 code=201e0001 kind=MIPS_ADDI rs=0 rt=30 rd=0 imm=0001 shamt=0
# RANDOM LOAD: seed=2026 index=30 code=201f8000 kind=MIPS_ADDI rs=0 rt=31 rd=0 imm=8000 shamt=0
# RANDOM LOAD: seed=2026 index=31 code=02ac7826 kind=MIPS_XOR rs=21 rt=12 rd=15 imm=0000 shamt=0
# RANDOM LOAD: seed=2026 index=32 code=372c8000 kind=MIPS_ORI rs=25 rt=12 rd=0 imm=8000 shamt=0
# RANDOM LOAD: seed=2026 index=33 code=0001fd82 kind=MIPS_SRL rs=0 rt=1 rd=31 imm=0000 shamt=22
# RANDOM LOAD: seed=2026 index=34 code=00186040 kind=MIPS_SLL rs=0 rt=24 rd=12 imm=0000 shamt=1
# RANDOM LOAD: seed=2026 index=35 code=00489022 kind=MIPS_SUB rs=2 rt=8 rd=18 imm=0000 shamt=0
# RANDOM LOAD: seed=2026 index=36 code=03dd002a kind=MIPS_SLT rs=30 rt=29 rd=0 imm=0000 shamt=0
# RANDOM LOAD: seed=2026 index=37 code=20145815 kind=MIPS_ADDI rs=0 rt=20 rd=0 imm=5815 shamt=0
# RANDOM LOAD: seed=2026 index=38 code=004da026 kind=MIPS_XOR rs=2 rt=13 rd=20 imm=0000 shamt=0
# RANDOM LOAD: seed=2026 index=39 code=0319382a kind=MIPS_SLT rs=24 rt=25 rd=7 imm=0000 shamt=0
# RANDOM LOAD: seed=2026 index=40 code=00d8582a kind=MIPS_SLT rs=6 rt=24 rd=11 imm=0000 shamt=0
# RANDOM LOAD: seed=2026 index=41 code=03f51025 kind=MIPS_OR rs=31 rt=21 rd=2 imm=0000 shamt=0
# RANDOM LOAD: seed=2026 index=42 code=015e1820 kind=MIPS_ADD rs=10 rt=30 rd=3 imm=0000 shamt=0
# RANDOM LOAD: seed=2026 index=43 code=00191cc0 kind=MIPS_SLL rs=0 rt=25 rd=3 imm=0000 shamt=19
# RANDOM LOAD: seed=2026 index=44 code=01bb7822 kind=MIPS_SUB rs=13 rt=27 rd=15 imm=0000 shamt=0
# RANDOM LOAD: seed=2026 index=45 code=23d357a3 kind=MIPS_ADDI rs=30 rt=19 rd=0 imm=57a3 shamt=0
# RANDOM LOAD: seed=2026 index=46 code=01f5982a kind=MIPS_SLT rs=15 rt=21 rd=19 imm=0000 shamt=0
# RANDOM LOAD: seed=2026 index=47 code=038e3027 kind=MIPS_NOR rs=28 rt=14 rd=6 imm=0000 shamt=0
# RANDOM LOAD: seed=2026 index=48 code=00ace02a kind=MIPS_SLT rs=5 rt=12 rd=28 imm=0000 shamt=0
# RANDOM LOAD: seed=2026 index=49 code=3109ffff kind=MIPS_ANDI rs=8 rt=9 rd=0 imm=ffff shamt=0
# RANDOM LOAD: seed=2026 index=50 code=00167840 kind=MIPS_SLL rs=0 rt=22 rd=15 imm=0000 shamt=1
# RANDOM LOAD: seed=2026 index=51 code=00030900 kind=MIPS_SLL rs=0 rt=3 rd=1 imm=0000 shamt=4
# RANDOM LOAD: seed=2026 index=52 code=0384102a kind=MIPS_SLT rs=28 rt=4 rd=2 imm=0000 shamt=0
# RANDOM LOAD: seed=2026 index=53 code=00959027 kind=MIPS_NOR rs=4 rt=21 rd=18 imm=0000 shamt=0
# RANDOM LOAD: seed=2026 index=54 code=001e1000 kind=MIPS_SLL rs=0 rt=30 rd=2 imm=0000 shamt=0
# RANDOM LOAD: seed=2026 index=55 code=03f40027 kind=MIPS_NOR rs=31 rt=20 rd=0 imm=0000 shamt=0
# RANDOM LOAD: seed=2026 index=56 code=31f31758 kind=MIPS_ANDI rs=15 rt=19 rd=0 imm=1758 shamt=0
# RANDOM LOAD: seed=2026 index=57 code=00191002 kind=MIPS_SRL rs=0 rt=25 rd=2 imm=0000 shamt=0
# RANDOM LOAD: seed=2026 index=58 code=02a3b825 kind=MIPS_OR rs=21 rt=3 rd=23 imm=0000 shamt=0
# RANDOM LOAD: seed=2026 index=59 code=018a4820 kind=MIPS_ADD rs=12 rt=10 rd=9 imm=0000 shamt=0
# RANDOM LOAD: seed=2026 index=60 code=003b4024 kind=MIPS_AND rs=1 rt=27 rd=8 imm=0000 shamt=0
# RANDOM LOAD: seed=2026 index=61 code=357e8000 kind=MIPS_ORI rs=11 rt=30 rd=0 imm=8000 shamt=0
# RANDOM LOAD: seed=2026 index=62 code=002b0826 kind=MIPS_XOR rs=1 rt=11 rd=1 imm=0000 shamt=0
# RANDOM LOAD: seed=2026 index=63 code=20380001 kind=MIPS_ADDI rs=1 rt=24 rd=0 imm=0001 shamt=0
# RANDOM LOAD: seed=2026 index=64 code=00b5c820 kind=MIPS_ADD rs=5 rt=21 rd=25 imm=0000 shamt=0
# RANDOM LOAD: seed=2026 index=65 code=020b5025 kind=MIPS_OR rs=16 rt=11 rd=10 imm=0000 shamt=0
# RANDOM LOAD: seed=2026 index=66 code=02e46825 kind=MIPS_OR rs=23 rt=4 rd=13 imm=0000 shamt=0
# RANDOM LOAD: seed=2026 index=67 code=01677020 kind=MIPS_ADD rs=11 rt=7 rd=14 imm=0000 shamt=0
# RANDOM LOAD: seed=2026 index=68 code=32360001 kind=MIPS_ANDI rs=17 rt=22 rd=0 imm=0001 shamt=0
# RANDOM LOAD: seed=2026 index=69 code=02988022 kind=MIPS_SUB rs=20 rt=24 rd=16 imm=0000 shamt=0
# RANDOM LOAD: seed=2026 index=70 code=00095e00 kind=MIPS_SLL rs=0 rt=9 rd=11 imm=0000 shamt=24
# RANDOM LOAD: seed=2026 index=71 code=01bff82a kind=MIPS_SLT rs=13 rt=31 rd=31 imm=0000 shamt=0
# RANDOM LOAD: seed=2026 index=72 code=30a28000 kind=MIPS_ANDI rs=5 rt=2 rd=0 imm=8000 shamt=0
# RANDOM LOAD: seed=2026 index=73 code=03348827 kind=MIPS_NOR rs=25 rt=20 rd=17 imm=0000 shamt=0
# RANDOM LOAD: seed=2026 index=74 code=001f9340 kind=MIPS_SLL rs=0 rt=31 rd=18 imm=0000 shamt=13
# RANDOM LOAD: seed=2026 index=75 code=0378d825 kind=MIPS_OR rs=27 rt=24 rd=27 imm=0000 shamt=0
# RANDOM LOAD: seed=2026 index=76 code=03fb7820 kind=MIPS_ADD rs=31 rt=27 rd=15 imm=0000 shamt=0
# RANDOM LOAD: seed=2026 index=77 code=034cd025 kind=MIPS_OR rs=26 rt=12 rd=26 imm=0000 shamt=0
# RANDOM LOAD: seed=2026 index=78 code=00870022 kind=MIPS_SUB rs=4 rt=7 rd=0 imm=0000 shamt=0
# RANDOM LOAD: seed=2026 index=79 code=031e9022 kind=MIPS_SUB rs=24 rt=30 rd=18 imm=0000 shamt=0
# RANDOM LOAD: seed=2026 index=80 code=00181c40 kind=MIPS_SLL rs=0 rt=24 rd=3 imm=0000 shamt=17
# RANDOM LOAD: seed=2026 index=81 code=0230e825 kind=MIPS_OR rs=17 rt=16 rd=29 imm=0000 shamt=0
# RANDOM LOAD: seed=2026 index=82 code=02036020 kind=MIPS_ADD rs=16 rt=3 rd=12 imm=0000 shamt=0
# RANDOM LOAD: seed=2026 index=83 code=01dfc827 kind=MIPS_NOR rs=14 rt=31 rd=25 imm=0000 shamt=0
# RANDOM LOAD: seed=2026 index=84 code=030fc024 kind=MIPS_AND rs=24 rt=15 rd=24 imm=0000 shamt=0
# RANDOM LOAD: seed=2026 index=85 code=013c1825 kind=MIPS_OR rs=9 rt=28 rd=3 imm=0000 shamt=0
# RANDOM LOAD: seed=2026 index=86 code=33b57fff kind=MIPS_ANDI rs=29 rt=21 rd=0 imm=7fff shamt=0
# RANDOM LOAD: seed=2026 index=87 code=01f3c025 kind=MIPS_OR rs=15 rt=19 rd=24 imm=0000 shamt=0
# RANDOM LOAD: seed=2026 index=88 code=0071a027 kind=MIPS_NOR rs=3 rt=17 rd=20 imm=0000 shamt=0
# RANDOM LOAD: seed=2026 index=89 code=039f6022 kind=MIPS_SUB rs=28 rt=31 rd=12 imm=0000 shamt=0
# RANDOM LOAD: seed=2026 index=90 code=01fa5025 kind=MIPS_OR rs=15 rt=26 rd=10 imm=0000 shamt=0
# RANDOM LOAD: seed=2026 index=91 code=02b9182a kind=MIPS_SLT rs=21 rt=25 rd=3 imm=0000 shamt=0
# RANDOM LOAD: seed=2026 index=92 code=21c3054d kind=MIPS_ADDI rs=14 rt=3 rd=0 imm=054d shamt=0
# RANDOM LOAD: seed=2026 index=93 code=02c21824 kind=MIPS_AND rs=22 rt=2 rd=3 imm=0000 shamt=0
# RANDOM LOAD: seed=2026 index=94 code=025b3825 kind=MIPS_OR rs=18 rt=27 rd=7 imm=0000 shamt=0
# RANDOM ALU TEST PASS: seed=2026 program_words=95 random_words=64 randomizations=95 model_steps=95 checks=293 writes=92 stalls=0
# ** Note: $finish    : /home/s23521611/project/mips/mips_school/tb/tb_mips_random_alu.sv(140)
#    Time: 1060 ns  Iteration: 1  Instance: /tb_mips_coverage/alu/test
# Break in Module tb_mips_random_alu at /home/s23521611/project/mips/mips_school/tb/tb_mips_random_alu.sv line 140
# Stopped at /home/s23521611/project/mips/mips_school/tb/tb_mips_random_alu.sv line 140
# COVERAGE RUN RESULT: name=alu_seed_2026 completed=1 errors=0 signal_errors=0 monitor_errors=0 checks=293 sampled_events=95 model_steps=95
# COVERAGE RUN PASS: alu_seed_2026
# End time: 15:00:23 on Oct 09,2026, Elapsed time: 0:00:02
# Errors: 0, Warnings: 1
# vsim -coverage -voptargs="+acc" -onfinish stop -lib /home/s23521611/project/mips/mips_school/tb/functional_coverage_run/coverage_work tb_mips_coverage "+SEED=2026" "+RANDOM_BLOCKS=16" -gFAMILY=2 
# Start time: 15:00:23 on Oct 09,2026
# ** Note: (vsim-8009) Loading existing optimized design _opt2
# Loading sv_std.std
# Loading work.tb_mips_coverage(fast)
# Loading work.mips_random_memory_pkg(fast)
# Loading work.mips_instruction_pkg(fast)
# Loading work.mips_random_pkg(fast)
# Loading work.mips_reference_pkg(fast)
# Loading work.mips_scoreboard_pkg(fast)
# Loading work.tb_mips_random_memory(fast)
# Loading work.toplevel(fast)
# Loading work.PC(fast)
# Loading work.IMEM(fast)
# Loading work.IF_ID_reg(fast)
# Loading work.Controller(fast)
# Loading work.RegisterFile(fast)
# Loading work.Extender(fast)
# Loading work.HazardDetection(fast)
# Loading work.ID_EX_reg(fast)
# Loading work.Forwarding(fast)
# Loading work.ALUControl(fast)
# Loading work.ALU(fast)
# Loading work.EX_MEM_reg(fast)
# Loading work.DMEM(fast)
# Loading work.MEM_WB_reg(fast)
# Loading work.mips_coverage_pkg(fast)
# Loading work.mips_coverage_monitor(fast)
# ** Warning: (vsim-8634) Code was not compiled with coverage options.
# MEMORY LOAD: seed=2026 index=0 code=20010001 kind=MIPS_ADDI rs=0 rt=1 rd=0 imm=0001
# MEMORY LOAD: seed=2026 index=1 code=2002ffff kind=MIPS_ADDI rs=0 rt=2 rd=0 imm=ffff
# MEMORY LOAD: seed=2026 index=2 code=20039a83 kind=MIPS_ADDI rs=0 rt=3 rd=0 imm=9a83
# MEMORY LOAD: seed=2026 index=3 code=2004c9fb kind=MIPS_ADDI rs=0 rt=4 rd=0 imm=c9fb
# MEMORY LOAD: seed=2026 index=4 code=20050001 kind=MIPS_ADDI rs=0 rt=5 rd=0 imm=0001
# MEMORY LOAD: seed=2026 index=5 code=20060001 kind=MIPS_ADDI rs=0 rt=6 rd=0 imm=0001
# MEMORY LOAD: seed=2026 index=6 code=200740b0 kind=MIPS_ADDI rs=0 rt=7 rd=0 imm=40b0
# MEMORY LOAD: seed=2026 index=7 code=20087fff kind=MIPS_ADDI rs=0 rt=8 rd=0 imm=7fff
# MEMORY LOAD: seed=2026 index=8 code=20098000 kind=MIPS_ADDI rs=0 rt=9 rd=0 imm=8000
# MEMORY LOAD: seed=2026 index=9 code=200affff kind=MIPS_ADDI rs=0 rt=10 rd=0 imm=ffff
# MEMORY LOAD: seed=2026 index=10 code=200bbcca kind=MIPS_ADDI rs=0 rt=11 rd=0 imm=bcca
# MEMORY LOAD: seed=2026 index=11 code=200c7fff kind=MIPS_ADDI rs=0 rt=12 rd=0 imm=7fff
# MEMORY LOAD: seed=2026 index=12 code=200d05fd kind=MIPS_ADDI rs=0 rt=13 rd=0 imm=05fd
# MEMORY LOAD: seed=2026 index=13 code=200e1634 kind=MIPS_ADDI rs=0 rt=14 rd=0 imm=1634
# MEMORY LOAD: seed=2026 index=14 code=200fffff kind=MIPS_ADDI rs=0 rt=15 rd=0 imm=ffff
# MEMORY LOAD: seed=2026 index=15 code=20100001 kind=MIPS_ADDI rs=0 rt=16 rd=0 imm=0001
# MEMORY LOAD: seed=2026 index=16 code=2011c736 kind=MIPS_ADDI rs=0 rt=17 rd=0 imm=c736
# MEMORY LOAD: seed=2026 index=17 code=201242a9 kind=MIPS_ADDI rs=0 rt=18 rd=0 imm=42a9
# MEMORY LOAD: seed=2026 index=18 code=20135190 kind=MIPS_ADDI rs=0 rt=19 rd=0 imm=5190
# MEMORY LOAD: seed=2026 index=19 code=20149e34 kind=MIPS_ADDI rs=0 rt=20 rd=0 imm=9e34
# MEMORY LOAD: seed=2026 index=20 code=2015e834 kind=MIPS_ADDI rs=0 rt=21 rd=0 imm=e834
# MEMORY LOAD: seed=2026 index=21 code=20168000 kind=MIPS_ADDI rs=0 rt=22 rd=0 imm=8000
# MEMORY LOAD: seed=2026 index=22 code=20170000 kind=MIPS_ADDI rs=0 rt=23 rd=0 imm=0000
# MEMORY LOAD: seed=2026 index=23 code=2018ffff kind=MIPS_ADDI rs=0 rt=24 rd=0 imm=ffff
# MEMORY LOAD: seed=2026 index=24 code=20190000 kind=MIPS_ADDI rs=0 rt=25 rd=0 imm=0000
# MEMORY LOAD: seed=2026 index=25 code=201a8000 kind=MIPS_ADDI rs=0 rt=26 rd=0 imm=8000
# MEMORY LOAD: seed=2026 index=26 code=201b0000 kind=MIPS_ADDI rs=0 rt=27 rd=0 imm=0000
# MEMORY LOAD: seed=2026 index=27 code=201ce8be kind=MIPS_ADDI rs=0 rt=28 rd=0 imm=e8be
# MEMORY LOAD: seed=2026 index=28 code=201dec49 kind=MIPS_ADDI rs=0 rt=29 rd=0 imm=ec49
# MEMORY LOAD: seed=2026 index=29 code=201e0001 kind=MIPS_ADDI rs=0 rt=30 rd=0 imm=0001
# MEMORY LOAD: seed=2026 index=30 code=201f0200 kind=MIPS_ADDI rs=0 rt=31 rd=0 imm=0200
# MEMORY BLOCK: seed=2026 start=31 scenario=MEM_LOAD_USE_RS word=97 source=r21 load=r23 result=r24
# MEMORY LOAD: seed=2026 index=31 code=aff5ff84 kind=MIPS_SW rs=31 rt=21 rd=0 imm=ff84
# MEMORY LOAD: seed=2026 index=32 code=8ff7ff84 kind=MIPS_LW rs=31 rt=23 rd=0 imm=ff84
# MEMORY LOAD: seed=2026 index=33 code=02f5c020 kind=MIPS_ADD rs=23 rt=21 rd=24 imm=0000
# MEMORY LOAD: seed=2026 index=34 code=aff8ff84 kind=MIPS_SW rs=31 rt=24 rd=0 imm=ff84
# MEMORY LOAD: seed=2026 index=35 code=8ff7ff84 kind=MIPS_LW rs=31 rt=23 rd=0 imm=ff84
# MEMORY LOAD: seed=2026 index=36 code=02b7c026 kind=MIPS_XOR rs=21 rt=23 rd=24 imm=0000
# MEMORY BLOCK: seed=2026 start=37 scenario=MEM_LOAD_STORE_DATA word=244 source=r19 load=r29 result=r15
# MEMORY LOAD: seed=2026 index=37 code=aff301d0 kind=MIPS_SW rs=31 rt=19 rd=0 imm=01d0
# MEMORY LOAD: seed=2026 index=38 code=8ffd01d0 kind=MIPS_LW rs=31 rt=29 rd=0 imm=01d0
# MEMORY LOAD: seed=2026 index=39 code=affd01d4 kind=MIPS_SW rs=31 rt=29 rd=0 imm=01d4
# MEMORY LOAD: seed=2026 index=40 code=8fef01d4 kind=MIPS_LW rs=31 rt=15 rd=0 imm=01d4
# MEMORY LOAD: seed=2026 index=41 code=01f3e820 kind=MIPS_ADD rs=15 rt=19 rd=29 imm=0000
# MEMORY LOAD: seed=2026 index=42 code=affd01d0 kind=MIPS_SW rs=31 rt=29 rd=0 imm=01d0
# MEMORY BLOCK: seed=2026 start=43 scenario=MEM_LOAD_ONE_GAP word=188 source=r13 load=r24 result=r22
# MEMORY LOAD: seed=2026 index=43 code=afed00f0 kind=MIPS_SW rs=31 rt=13 rd=0 imm=00f0
# MEMORY LOAD: seed=2026 index=44 code=8ff800f0 kind=MIPS_LW rs=31 rt=24 rd=0 imm=00f0
# MEMORY LOAD: seed=2026 index=45 code=01adb020 kind=MIPS_ADD rs=13 rt=13 rd=22 imm=0000
# MEMORY LOAD: seed=2026 index=46 code=030db026 kind=MIPS_XOR rs=24 rt=13 rd=22 imm=0000
# MEMORY LOAD: seed=2026 index=47 code=aff600f4 kind=MIPS_SW rs=31 rt=22 rd=0 imm=00f4
# MEMORY LOAD: seed=2026 index=48 code=01b8b025 kind=MIPS_OR rs=13 rt=24 rd=22 imm=0000
# MEMORY BLOCK: seed=2026 start=49 scenario=MEM_LOAD_ZERO word=161 source=r30 load=r8 result=r28
# MEMORY LOAD: seed=2026 index=49 code=affe0084 kind=MIPS_SW rs=31 rt=30 rd=0 imm=0084
# MEMORY LOAD: seed=2026 index=50 code=8fe00084 kind=MIPS_LW rs=31 rt=0 rd=0 imm=0084
# MEMORY LOAD: seed=2026 index=51 code=001ee020 kind=MIPS_ADD rs=0 rt=30 rd=28 imm=0000
# MEMORY LOAD: seed=2026 index=52 code=affc0080 kind=MIPS_SW rs=31 rt=28 rd=0 imm=0080
# MEMORY LOAD: seed=2026 index=53 code=8fe80080 kind=MIPS_LW rs=31 rt=8 rd=0 imm=0080
# MEMORY LOAD: seed=2026 index=54 code=afe80084 kind=MIPS_SW rs=31 rt=8 rd=0 imm=0084
# MEMORY BLOCK: seed=2026 start=55 scenario=MEM_LOAD_USE_RS word=128 source=r19 load=r14 result=r28
# MEMORY LOAD: seed=2026 index=55 code=aff30000 kind=MIPS_SW rs=31 rt=19 rd=0 imm=0000
# MEMORY LOAD: seed=2026 index=56 code=8fee0000 kind=MIPS_LW rs=31 rt=14 rd=0 imm=0000
# MEMORY LOAD: seed=2026 index=57 code=01d3e020 kind=MIPS_ADD rs=14 rt=19 rd=28 imm=0000
# MEMORY LOAD: seed=2026 index=58 code=affc0000 kind=MIPS_SW rs=31 rt=28 rd=0 imm=0000
# MEMORY LOAD: seed=2026 index=59 code=8fee0000 kind=MIPS_LW rs=31 rt=14 rd=0 imm=0000
# MEMORY LOAD: seed=2026 index=60 code=026ee026 kind=MIPS_XOR rs=19 rt=14 rd=28 imm=0000
# MEMORY BLOCK: seed=2026 start=61 scenario=MEM_LOAD_ZERO word=171 source=r26 load=r7 result=r13
# MEMORY LOAD: seed=2026 index=61 code=affa00ac kind=MIPS_SW rs=31 rt=26 rd=0 imm=00ac
# MEMORY LOAD: seed=2026 index=62 code=8fe000ac kind=MIPS_LW rs=31 rt=0 rd=0 imm=00ac
# MEMORY LOAD: seed=2026 index=63 code=001a6820 kind=MIPS_ADD rs=0 rt=26 rd=13 imm=0000
# MEMORY LOAD: seed=2026 index=64 code=afed00a8 kind=MIPS_SW rs=31 rt=13 rd=0 imm=00a8
# MEMORY LOAD: seed=2026 index=65 code=8fe700a8 kind=MIPS_LW rs=31 rt=7 rd=0 imm=00a8
# MEMORY LOAD: seed=2026 index=66 code=afe700ac kind=MIPS_SW rs=31 rt=7 rd=0 imm=00ac
# MEMORY BLOCK: seed=2026 start=67 scenario=MEM_LOAD_USE_RS word=11 source=r26 load=r24 result=r4
# MEMORY LOAD: seed=2026 index=67 code=affafe2c kind=MIPS_SW rs=31 rt=26 rd=0 imm=fe2c
# MEMORY LOAD: seed=2026 index=68 code=8ff8fe2c kind=MIPS_LW rs=31 rt=24 rd=0 imm=fe2c
# MEMORY LOAD: seed=2026 index=69 code=031a2020 kind=MIPS_ADD rs=24 rt=26 rd=4 imm=0000
# MEMORY LOAD: seed=2026 index=70 code=afe4fe2c kind=MIPS_SW rs=31 rt=4 rd=0 imm=fe2c
# MEMORY LOAD: seed=2026 index=71 code=8ff8fe2c kind=MIPS_LW rs=31 rt=24 rd=0 imm=fe2c
# MEMORY LOAD: seed=2026 index=72 code=03582026 kind=MIPS_XOR rs=26 rt=24 rd=4 imm=0000
# MEMORY BLOCK: seed=2026 start=73 scenario=MEM_LOAD_USE_RS word=107 source=r7 load=r10 result=r14
# MEMORY LOAD: seed=2026 index=73 code=afe7ffac kind=MIPS_SW rs=31 rt=7 rd=0 imm=ffac
# MEMORY LOAD: seed=2026 index=74 code=8feaffac kind=MIPS_LW rs=31 rt=10 rd=0 imm=ffac
# MEMORY LOAD: seed=2026 index=75 code=01477020 kind=MIPS_ADD rs=10 rt=7 rd=14 imm=0000
# MEMORY LOAD: seed=2026 index=76 code=afeeffac kind=MIPS_SW rs=31 rt=14 rd=0 imm=ffac
# MEMORY LOAD: seed=2026 index=77 code=8feaffac kind=MIPS_LW rs=31 rt=10 rd=0 imm=ffac
# MEMORY LOAD: seed=2026 index=78 code=00ea7026 kind=MIPS_XOR rs=7 rt=10 rd=14 imm=0000
# MEMORY BLOCK: seed=2026 start=79 scenario=MEM_LOAD_STORE_DATA word=196 source=r14 load=r5 result=r7
# MEMORY LOAD: seed=2026 index=79 code=afee0110 kind=MIPS_SW rs=31 rt=14 rd=0 imm=0110
# MEMORY LOAD: seed=2026 index=80 code=8fe50110 kind=MIPS_LW rs=31 rt=5 rd=0 imm=0110
# MEMORY LOAD: seed=2026 index=81 code=afe50114 kind=MIPS_SW rs=31 rt=5 rd=0 imm=0114
# MEMORY LOAD: seed=2026 index=82 code=8fe70114 kind=MIPS_LW rs=31 rt=7 rd=0 imm=0114
# MEMORY LOAD: seed=2026 index=83 code=00ee2820 kind=MIPS_ADD rs=7 rt=14 rd=5 imm=0000
# MEMORY LOAD: seed=2026 index=84 code=afe50110 kind=MIPS_SW rs=31 rt=5 rd=0 imm=0110
# MEMORY BLOCK: seed=2026 start=85 scenario=MEM_LOAD_ONE_GAP word=222 source=r7 load=r20 result=r27
# MEMORY LOAD: seed=2026 index=85 code=afe70178 kind=MIPS_SW rs=31 rt=7 rd=0 imm=0178
# MEMORY LOAD: seed=2026 index=86 code=8ff40178 kind=MIPS_LW rs=31 rt=20 rd=0 imm=0178
# MEMORY LOAD: seed=2026 index=87 code=00e7d820 kind=MIPS_ADD rs=7 rt=7 rd=27 imm=0000
# MEMORY LOAD: seed=2026 index=88 code=0287d826 kind=MIPS_XOR rs=20 rt=7 rd=27 imm=0000
# MEMORY LOAD: seed=2026 index=89 code=affb017c kind=MIPS_SW rs=31 rt=27 rd=0 imm=017c
# MEMORY LOAD: seed=2026 index=90 code=00f4d825 kind=MIPS_OR rs=7 rt=20 rd=27 imm=0000
# MEMORY BLOCK: seed=2026 start=91 scenario=MEM_LOAD_USE_RS word=236 source=r16 load=r20 result=r15
# MEMORY LOAD: seed=2026 index=91 code=aff001b0 kind=MIPS_SW rs=31 rt=16 rd=0 imm=01b0
# MEMORY LOAD: seed=2026 index=92 code=8ff401b0 kind=MIPS_LW rs=31 rt=20 rd=0 imm=01b0
# MEMORY LOAD: seed=2026 index=93 code=02907820 kind=MIPS_ADD rs=20 rt=16 rd=15 imm=0000
# MEMORY LOAD: seed=2026 index=94 code=afef01b0 kind=MIPS_SW rs=31 rt=15 rd=0 imm=01b0
# MEMORY LOAD: seed=2026 index=95 code=8ff401b0 kind=MIPS_LW rs=31 rt=20 rd=0 imm=01b0
# MEMORY LOAD: seed=2026 index=96 code=02147826 kind=MIPS_XOR rs=16 rt=20 rd=15 imm=0000
# MEMORY BLOCK: seed=2026 start=97 scenario=MEM_LOAD_STORE_DATA word=177 source=r24 load=r17 result=r1
# MEMORY LOAD: seed=2026 index=97 code=aff800c4 kind=MIPS_SW rs=31 rt=24 rd=0 imm=00c4
# MEMORY LOAD: seed=2026 index=98 code=8ff100c4 kind=MIPS_LW rs=31 rt=17 rd=0 imm=00c4
# MEMORY LOAD: seed=2026 index=99 code=aff100c0 kind=MIPS_SW rs=31 rt=17 rd=0 imm=00c0
# MEMORY LOAD: seed=2026 index=100 code=8fe100c0 kind=MIPS_LW rs=31 rt=1 rd=0 imm=00c0
# MEMORY LOAD: seed=2026 index=101 code=00388820 kind=MIPS_ADD rs=1 rt=24 rd=17 imm=0000
# MEMORY LOAD: seed=2026 index=102 code=aff100c4 kind=MIPS_SW rs=31 rt=17 rd=0 imm=00c4
# MEMORY BLOCK: seed=2026 start=103 scenario=MEM_LOAD_ONE_GAP word=44 source=r3 load=r23 result=r13
# MEMORY LOAD: seed=2026 index=103 code=afe3feb0 kind=MIPS_SW rs=31 rt=3 rd=0 imm=feb0
# MEMORY LOAD: seed=2026 index=104 code=8ff7feb0 kind=MIPS_LW rs=31 rt=23 rd=0 imm=feb0
# MEMORY LOAD: seed=2026 index=105 code=00636820 kind=MIPS_ADD rs=3 rt=3 rd=13 imm=0000
# MEMORY LOAD: seed=2026 index=106 code=02e36826 kind=MIPS_XOR rs=23 rt=3 rd=13 imm=0000
# MEMORY LOAD: seed=2026 index=107 code=afedfeb4 kind=MIPS_SW rs=31 rt=13 rd=0 imm=feb4
# MEMORY LOAD: seed=2026 index=108 code=00776825 kind=MIPS_OR rs=3 rt=23 rd=13 imm=0000
# MEMORY BLOCK: seed=2026 start=109 scenario=MEM_LOAD_USE_RS word=0 source=r14 load=r24 result=r12
# MEMORY LOAD: seed=2026 index=109 code=afeefe00 kind=MIPS_SW rs=31 rt=14 rd=0 imm=fe00
# MEMORY LOAD: seed=2026 index=110 code=8ff8fe00 kind=MIPS_LW rs=31 rt=24 rd=0 imm=fe00
# MEMORY LOAD: seed=2026 index=111 code=030e6020 kind=MIPS_ADD rs=24 rt=14 rd=12 imm=0000
# MEMORY LOAD: seed=2026 index=112 code=afecfe00 kind=MIPS_SW rs=31 rt=12 rd=0 imm=fe00
# MEMORY LOAD: seed=2026 index=113 code=8ff8fe00 kind=MIPS_LW rs=31 rt=24 rd=0 imm=fe00
# MEMORY LOAD: seed=2026 index=114 code=01d86026 kind=MIPS_XOR rs=14 rt=24 rd=12 imm=0000
# MEMORY BLOCK: seed=2026 start=115 scenario=MEM_LOAD_USE_RS word=114 source=r7 load=r13 result=r25
# MEMORY LOAD: seed=2026 index=115 code=afe7ffc8 kind=MIPS_SW rs=31 rt=7 rd=0 imm=ffc8
# MEMORY LOAD: seed=2026 index=116 code=8fedffc8 kind=MIPS_LW rs=31 rt=13 rd=0 imm=ffc8
# MEMORY LOAD: seed=2026 index=117 code=01a7c820 kind=MIPS_ADD rs=13 rt=7 rd=25 imm=0000
# MEMORY LOAD: seed=2026 index=118 code=aff9ffc8 kind=MIPS_SW rs=31 rt=25 rd=0 imm=ffc8
# MEMORY LOAD: seed=2026 index=119 code=8fedffc8 kind=MIPS_LW rs=31 rt=13 rd=0 imm=ffc8
# MEMORY LOAD: seed=2026 index=120 code=00edc826 kind=MIPS_XOR rs=7 rt=13 rd=25 imm=0000
# MEMORY BLOCK: seed=2026 start=121 scenario=MEM_LOAD_STORE_DATA word=127 source=r22 load=r27 result=r6
# MEMORY LOAD: seed=2026 index=121 code=aff6fffc kind=MIPS_SW rs=31 rt=22 rd=0 imm=fffc
# MEMORY LOAD: seed=2026 index=122 code=8ffbfffc kind=MIPS_LW rs=31 rt=27 rd=0 imm=fffc
# MEMORY LOAD: seed=2026 index=123 code=affbfff8 kind=MIPS_SW rs=31 rt=27 rd=0 imm=fff8
# MEMORY LOAD: seed=2026 index=124 code=8fe6fff8 kind=MIPS_LW rs=31 rt=6 rd=0 imm=fff8
# MEMORY LOAD: seed=2026 index=125 code=00d6d820 kind=MIPS_ADD rs=6 rt=22 rd=27 imm=0000
# MEMORY LOAD: seed=2026 index=126 code=affbfffc kind=MIPS_SW rs=31 rt=27 rd=0 imm=fffc
# RANDOM MEMORY TEST PASS: seed=2026 blocks=16 words=127 randomizations=47 model_steps=127 checks=295 loads=29 stores=38 stalls=24 expected_stalls=24
# ** Note: $finish    : /home/s23521611/project/mips/mips_school/tb/tb_mips_random_memory.sv(220)
#    Time: 1620 ns  Iteration: 1  Instance: /tb_mips_coverage/memory/test
# Break in Module tb_mips_random_memory at /home/s23521611/project/mips/mips_school/tb/tb_mips_random_memory.sv line 220
# Stopped at /home/s23521611/project/mips/mips_school/tb/tb_mips_random_memory.sv line 220
# COVERAGE RUN RESULT: name=memory_seed_2026 completed=1 errors=0 signal_errors=0 monitor_errors=0 checks=295 sampled_events=127 model_steps=127
# COVERAGE RUN PASS: memory_seed_2026
# End time: 15:00:26 on Oct 09,2026, Elapsed time: 0:00:03
# Errors: 0, Warnings: 1
# vsim -coverage -voptargs="+acc" -onfinish stop -lib /home/s23521611/project/mips/mips_school/tb/functional_coverage_run/coverage_work tb_mips_coverage "+SEED=2026" "+RANDOM_BLOCKS=12" -gFAMILY=3 
# Start time: 15:00:26 on Oct 09,2026
# ** Note: (vsim-8009) Loading existing optimized design _opt
# Loading sv_std.std
# Loading work.tb_mips_coverage(fast)
# Loading work.mips_random_branch_pkg(fast)
# Loading work.mips_instruction_pkg(fast)
# Loading work.mips_random_pkg(fast)
# Loading work.mips_reference_pkg(fast)
# Loading work.mips_scoreboard_pkg(fast)
# Loading work.tb_mips_random_branch(fast)
# Loading work.toplevel(fast)
# Loading work.PC(fast)
# Loading work.IMEM(fast)
# Loading work.IF_ID_reg(fast)
# Loading work.Controller(fast)
# Loading work.RegisterFile(fast)
# Loading work.Extender(fast)
# Loading work.HazardDetection(fast)
# Loading work.ID_EX_reg(fast)
# Loading work.Forwarding(fast)
# Loading work.ALUControl(fast)
# Loading work.ALU(fast)
# Loading work.EX_MEM_reg(fast)
# Loading work.DMEM(fast)
# Loading work.MEM_WB_reg(fast)
# Loading work.mips_coverage_pkg(fast)
# Loading work.mips_coverage_monitor(fast)
# ** Warning: (vsim-8634) Code was not compiled with coverage options.
# BRANCH LOAD: seed=2026 index=0 code=20010001 kind=MIPS_ADDI rs=0 rt=1 rd=0 imm=0001 target=0
# BRANCH LOAD: seed=2026 index=1 code=2002ffff kind=MIPS_ADDI rs=0 rt=2 rd=0 imm=ffff target=0
# BRANCH LOAD: seed=2026 index=2 code=20039a83 kind=MIPS_ADDI rs=0 rt=3 rd=0 imm=9a83 target=0
# BRANCH LOAD: seed=2026 index=3 code=2004c9fb kind=MIPS_ADDI rs=0 rt=4 rd=0 imm=c9fb target=0
# BRANCH LOAD: seed=2026 index=4 code=20050001 kind=MIPS_ADDI rs=0 rt=5 rd=0 imm=0001 target=0
# BRANCH LOAD: seed=2026 index=5 code=20060001 kind=MIPS_ADDI rs=0 rt=6 rd=0 imm=0001 target=0
# BRANCH LOAD: seed=2026 index=6 code=200740b0 kind=MIPS_ADDI rs=0 rt=7 rd=0 imm=40b0 target=0
# BRANCH LOAD: seed=2026 index=7 code=20087fff kind=MIPS_ADDI rs=0 rt=8 rd=0 imm=7fff target=0
# BRANCH LOAD: seed=2026 index=8 code=20098000 kind=MIPS_ADDI rs=0 rt=9 rd=0 imm=8000 target=0
# BRANCH LOAD: seed=2026 index=9 code=200affff kind=MIPS_ADDI rs=0 rt=10 rd=0 imm=ffff target=0
# BRANCH LOAD: seed=2026 index=10 code=200bbcca kind=MIPS_ADDI rs=0 rt=11 rd=0 imm=bcca target=0
# BRANCH LOAD: seed=2026 index=11 code=200c7fff kind=MIPS_ADDI rs=0 rt=12 rd=0 imm=7fff target=0
# BRANCH LOAD: seed=2026 index=12 code=200d05fd kind=MIPS_ADDI rs=0 rt=13 rd=0 imm=05fd target=0
# BRANCH LOAD: seed=2026 index=13 code=200e1634 kind=MIPS_ADDI rs=0 rt=14 rd=0 imm=1634 target=0
# BRANCH LOAD: seed=2026 index=14 code=200fffff kind=MIPS_ADDI rs=0 rt=15 rd=0 imm=ffff target=0
# BRANCH LOAD: seed=2026 index=15 code=20100001 kind=MIPS_ADDI rs=0 rt=16 rd=0 imm=0001 target=0
# BRANCH LOAD: seed=2026 index=16 code=2011c736 kind=MIPS_ADDI rs=0 rt=17 rd=0 imm=c736 target=0
# BRANCH LOAD: seed=2026 index=17 code=201242a9 kind=MIPS_ADDI rs=0 rt=18 rd=0 imm=42a9 target=0
# BRANCH LOAD: seed=2026 index=18 code=20135190 kind=MIPS_ADDI rs=0 rt=19 rd=0 imm=5190 target=0
# BRANCH LOAD: seed=2026 index=19 code=20149e34 kind=MIPS_ADDI rs=0 rt=20 rd=0 imm=9e34 target=0
# BRANCH LOAD: seed=2026 index=20 code=2015e834 kind=MIPS_ADDI rs=0 rt=21 rd=0 imm=e834 target=0
# BRANCH LOAD: seed=2026 index=21 code=20168000 kind=MIPS_ADDI rs=0 rt=22 rd=0 imm=8000 target=0
# BRANCH LOAD: seed=2026 index=22 code=20170000 kind=MIPS_ADDI rs=0 rt=23 rd=0 imm=0000 target=0
# BRANCH LOAD: seed=2026 index=23 code=2018ffff kind=MIPS_ADDI rs=0 rt=24 rd=0 imm=ffff target=0
# BRANCH LOAD: seed=2026 index=24 code=20190000 kind=MIPS_ADDI rs=0 rt=25 rd=0 imm=0000 target=0
# BRANCH LOAD: seed=2026 index=25 code=201a8000 kind=MIPS_ADDI rs=0 rt=26 rd=0 imm=8000 target=0
# BRANCH LOAD: seed=2026 index=26 code=201b0000 kind=MIPS_ADDI rs=0 rt=27 rd=0 imm=0000 target=0
# BRANCH LOAD: seed=2026 index=27 code=201ce8be kind=MIPS_ADDI rs=0 rt=28 rd=0 imm=e8be target=0
# BRANCH LOAD: seed=2026 index=28 code=201dec49 kind=MIPS_ADDI rs=0 rt=29 rd=0 imm=ec49 target=0
# BRANCH LOAD: seed=2026 index=29 code=201e0001 kind=MIPS_ADDI rs=0 rt=30 rd=0 imm=0001 target=0
# BRANCH LOAD: seed=2026 index=30 code=201f0000 kind=MIPS_ADDI rs=0 rt=31 rd=0 imm=0000 target=0
# BRANCH BLOCK: seed=2026 start=31 scenario=CF_BEQ_TAKEN left=r18 right=r29 result=r6 counter=r4 value=a2b6 marker=2473 iterations=4
# BRANCH LOAD: seed=2026 index=31 code=2012a2b6 kind=MIPS_ADDI rs=0 rt=18 rd=0 imm=a2b6 target=0
# BRANCH LOAD: seed=2026 index=32 code=201da2b6 kind=MIPS_ADDI rs=0 rt=29 rd=0 imm=a2b6 target=0
# BRANCH LOAD: seed=2026 index=33 code=125d0002 kind=MIPS_BEQ rs=18 rt=29 rd=0 imm=0002 target=0
# BRANCH LOAD: seed=2026 index=34 code=ac120000 kind=MIPS_SW rs=0 rt=18 rd=0 imm=0000 target=0
# BRANCH LOAD: seed=2026 index=35 code=201f0001 kind=MIPS_ADDI rs=0 rt=31 rd=0 imm=0001 target=0
# BRANCH LOAD: seed=2026 index=36 code=20062473 kind=MIPS_ADDI rs=0 rt=6 rd=0 imm=2473 target=0
# BRANCH LOAD: seed=2026 index=37 code=ac060080 kind=MIPS_SW rs=0 rt=6 rd=0 imm=0080 target=0
# BRANCH LOAD: seed=2026 index=38 code=00000000 kind=MIPS_SLL rs=0 rt=0 rd=0 imm=0000 target=0
# BRANCH LOAD: seed=2026 index=39 code=00000000 kind=MIPS_SLL rs=0 rt=0 rd=0 imm=0000 target=0
# BRANCH LOAD: seed=2026 index=40 code=00000000 kind=MIPS_SLL rs=0 rt=0 rd=0 imm=0000 target=0
# BRANCH LOAD: seed=2026 index=41 code=00000000 kind=MIPS_SLL rs=0 rt=0 rd=0 imm=0000 target=0
# BRANCH LOAD: seed=2026 index=42 code=00000000 kind=MIPS_SLL rs=0 rt=0 rd=0 imm=0000 target=0
# BRANCH BLOCK: seed=2026 start=43 scenario=CF_BEQ_NOT_TAKEN left=r7 right=r20 result=r13 counter=r29 value=0001 marker=3618 iterations=2
# BRANCH LOAD: seed=2026 index=43 code=20070001 kind=MIPS_ADDI rs=0 rt=7 rd=0 imm=0001 target=0
# BRANCH LOAD: seed=2026 index=44 code=20140000 kind=MIPS_ADDI rs=0 rt=20 rd=0 imm=0000 target=0
# BRANCH LOAD: seed=2026 index=45 code=10f40002 kind=MIPS_BEQ rs=7 rt=20 rd=0 imm=0002 target=0
# BRANCH LOAD: seed=2026 index=46 code=ac070004 kind=MIPS_SW rs=0 rt=7 rd=0 imm=0004 target=0
# BRANCH LOAD: seed=2026 index=47 code=200d0001 kind=MIPS_ADDI rs=0 rt=13 rd=0 imm=0001 target=0
# BRANCH LOAD: seed=2026 index=48 code=200d3618 kind=MIPS_ADDI rs=0 rt=13 rd=0 imm=3618 target=0
# BRANCH LOAD: seed=2026 index=49 code=ac0d0084 kind=MIPS_SW rs=0 rt=13 rd=0 imm=0084 target=0
# BRANCH LOAD: seed=2026 index=50 code=00000000 kind=MIPS_SLL rs=0 rt=0 rd=0 imm=0000 target=0
# BRANCH LOAD: seed=2026 index=51 code=00000000 kind=MIPS_SLL rs=0 rt=0 rd=0 imm=0000 target=0
# BRANCH LOAD: seed=2026 index=52 code=00000000 kind=MIPS_SLL rs=0 rt=0 rd=0 imm=0000 target=0
# BRANCH LOAD: seed=2026 index=53 code=00000000 kind=MIPS_SLL rs=0 rt=0 rd=0 imm=0000 target=0
# BRANCH LOAD: seed=2026 index=54 code=00000000 kind=MIPS_SLL rs=0 rt=0 rd=0 imm=0000 target=0
# BRANCH BLOCK: seed=2026 start=55 scenario=CF_BNE_TAKEN left=r25 right=r15 result=r27 counter=r14 value=0001 marker=445a iterations=1
# BRANCH LOAD: seed=2026 index=55 code=20190001 kind=MIPS_ADDI rs=0 rt=25 rd=0 imm=0001 target=0
# BRANCH LOAD: seed=2026 index=56 code=200f0000 kind=MIPS_ADDI rs=0 rt=15 rd=0 imm=0000 target=0
# BRANCH LOAD: seed=2026 index=57 code=172f0002 kind=MIPS_BNE rs=25 rt=15 rd=0 imm=0002 target=0
# BRANCH LOAD: seed=2026 index=58 code=ac190008 kind=MIPS_SW rs=0 rt=25 rd=0 imm=0008 target=0
# BRANCH LOAD: seed=2026 index=59 code=201f0001 kind=MIPS_ADDI rs=0 rt=31 rd=0 imm=0001 target=0
# BRANCH LOAD: seed=2026 index=60 code=201b445a kind=MIPS_ADDI rs=0 rt=27 rd=0 imm=445a target=0
# BRANCH LOAD: seed=2026 index=61 code=ac1b0088 kind=MIPS_SW rs=0 rt=27 rd=0 imm=0088 target=0
# BRANCH LOAD: seed=2026 index=62 code=00000000 kind=MIPS_SLL rs=0 rt=0 rd=0 imm=0000 target=0
# BRANCH LOAD: seed=2026 index=63 code=00000000 kind=MIPS_SLL rs=0 rt=0 rd=0 imm=0000 target=0
# BRANCH LOAD: seed=2026 index=64 code=00000000 kind=MIPS_SLL rs=0 rt=0 rd=0 imm=0000 target=0
# BRANCH LOAD: seed=2026 index=65 code=00000000 kind=MIPS_SLL rs=0 rt=0 rd=0 imm=0000 target=0
# BRANCH LOAD: seed=2026 index=66 code=00000000 kind=MIPS_SLL rs=0 rt=0 rd=0 imm=0000 target=0
# BRANCH BLOCK: seed=2026 start=67 scenario=CF_BNE_NOT_TAKEN left=r17 right=r15 result=r12 counter=r16 value=5716 marker=5538 iterations=4
# BRANCH LOAD: seed=2026 index=67 code=20115716 kind=MIPS_ADDI rs=0 rt=17 rd=0 imm=5716 target=0
# BRANCH LOAD: seed=2026 index=68 code=200f5716 kind=MIPS_ADDI rs=0 rt=15 rd=0 imm=5716 target=0
# BRANCH LOAD: seed=2026 index=69 code=162f0002 kind=MIPS_BNE rs=17 rt=15 rd=0 imm=0002 target=0
# BRANCH LOAD: seed=2026 index=70 code=ac11000c kind=MIPS_SW rs=0 rt=17 rd=0 imm=000c target=0
# BRANCH LOAD: seed=2026 index=71 code=200c0001 kind=MIPS_ADDI rs=0 rt=12 rd=0 imm=0001 target=0
# BRANCH LOAD: seed=2026 index=72 code=200c5538 kind=MIPS_ADDI rs=0 rt=12 rd=0 imm=5538 target=0
# BRANCH LOAD: seed=2026 index=73 code=ac0c008c kind=MIPS_SW rs=0 rt=12 rd=0 imm=008c target=0
# BRANCH LOAD: seed=2026 index=74 code=00000000 kind=MIPS_SLL rs=0 rt=0 rd=0 imm=0000 target=0
# BRANCH LOAD: seed=2026 index=75 code=00000000 kind=MIPS_SLL rs=0 rt=0 rd=0 imm=0000 target=0
# BRANCH LOAD: seed=2026 index=76 code=00000000 kind=MIPS_SLL rs=0 rt=0 rd=0 imm=0000 target=0
# BRANCH LOAD: seed=2026 index=77 code=00000000 kind=MIPS_SLL rs=0 rt=0 rd=0 imm=0000 target=0
# BRANCH LOAD: seed=2026 index=78 code=00000000 kind=MIPS_SLL rs=0 rt=0 rd=0 imm=0000 target=0
# BRANCH BLOCK: seed=2026 start=79 scenario=CF_JUMP_FORWARD left=r15 right=r23 result=r12 counter=r19 value=7fff marker=582c iterations=2
# BRANCH LOAD: seed=2026 index=79 code=200f7fff kind=MIPS_ADDI rs=0 rt=15 rd=0 imm=7fff target=0
# BRANCH LOAD: seed=2026 index=80 code=08000054 kind=MIPS_J rs=0 rt=0 rd=0 imm=0000 target=84
# BRANCH LOAD: seed=2026 index=81 code=ac0f0010 kind=MIPS_SW rs=0 rt=15 rd=0 imm=0010 target=0
# BRANCH LOAD: seed=2026 index=82 code=201f0001 kind=MIPS_ADDI rs=0 rt=31 rd=0 imm=0001 target=0
# BRANCH LOAD: seed=2026 index=83 code=200c0001 kind=MIPS_ADDI rs=0 rt=12 rd=0 imm=0001 target=0
# BRANCH LOAD: seed=2026 index=84 code=200c582c kind=MIPS_ADDI rs=0 rt=12 rd=0 imm=582c target=0
# BRANCH LOAD: seed=2026 index=85 code=ac0c0090 kind=MIPS_SW rs=0 rt=12 rd=0 imm=0090 target=0
# BRANCH LOAD: seed=2026 index=86 code=00000000 kind=MIPS_SLL rs=0 rt=0 rd=0 imm=0000 target=0
# BRANCH LOAD: seed=2026 index=87 code=00000000 kind=MIPS_SLL rs=0 rt=0 rd=0 imm=0000 target=0
# BRANCH LOAD: seed=2026 index=88 code=00000000 kind=MIPS_SLL rs=0 rt=0 rd=0 imm=0000 target=0
# BRANCH LOAD: seed=2026 index=89 code=00000000 kind=MIPS_SLL rs=0 rt=0 rd=0 imm=0000 target=0
# BRANCH LOAD: seed=2026 index=90 code=00000000 kind=MIPS_SLL rs=0 rt=0 rd=0 imm=0000 target=0
# BRANCH BLOCK: seed=2026 start=91 scenario=CF_BOUNDED_LOOP left=r26 right=r10 result=r29 counter=r23 value=ab35 marker=2793 iterations=4
# BRANCH LOAD: seed=2026 index=91 code=20170004 kind=MIPS_ADDI rs=0 rt=23 rd=0 imm=0004 target=0
# BRANCH LOAD: seed=2026 index=92 code=201d2793 kind=MIPS_ADDI rs=0 rt=29 rd=0 imm=2793 target=0
# BRANCH LOAD: seed=2026 index=93 code=23bd0001 kind=MIPS_ADDI rs=29 rt=29 rd=0 imm=0001 target=0
# BRANCH LOAD: seed=2026 index=94 code=22f7ffff kind=MIPS_ADDI rs=23 rt=23 rd=0 imm=ffff target=0
# BRANCH LOAD: seed=2026 index=95 code=16e0fffd kind=MIPS_BNE rs=23 rt=0 rd=0 imm=fffd target=0
# BRANCH LOAD: seed=2026 index=96 code=ac1d0094 kind=MIPS_SW rs=0 rt=29 rd=0 imm=0094 target=0
# BRANCH LOAD: seed=2026 index=97 code=00000000 kind=MIPS_SLL rs=0 rt=0 rd=0 imm=0000 target=0
# BRANCH LOAD: seed=2026 index=98 code=00000000 kind=MIPS_SLL rs=0 rt=0 rd=0 imm=0000 target=0
# BRANCH LOAD: seed=2026 index=99 code=00000000 kind=MIPS_SLL rs=0 rt=0 rd=0 imm=0000 target=0
# BRANCH LOAD: seed=2026 index=100 code=00000000 kind=MIPS_SLL rs=0 rt=0 rd=0 imm=0000 target=0
# BRANCH LOAD: seed=2026 index=101 code=00000000 kind=MIPS_SLL rs=0 rt=0 rd=0 imm=0000 target=0
# BRANCH LOAD: seed=2026 index=102 code=00000000 kind=MIPS_SLL rs=0 rt=0 rd=0 imm=0000 target=0
# BRANCH BLOCK: seed=2026 start=103 scenario=CF_LOAD_BRANCH left=r25 right=r7 result=r10 counter=r6 value=7fff marker=1a48 iterations=3
# BRANCH LOAD: seed=2026 index=103 code=20197fff kind=MIPS_ADDI rs=0 rt=25 rd=0 imm=7fff target=0
# BRANCH LOAD: seed=2026 index=104 code=ac190118 kind=MIPS_SW rs=0 rt=25 rd=0 imm=0118 target=0
# BRANCH LOAD: seed=2026 index=105 code=8c070118 kind=MIPS_LW rs=0 rt=7 rd=0 imm=0118 target=0
# BRANCH LOAD: seed=2026 index=106 code=10f90002 kind=MIPS_BEQ rs=7 rt=25 rd=0 imm=0002 target=0
# BRANCH LOAD: seed=2026 index=107 code=ac190018 kind=MIPS_SW rs=0 rt=25 rd=0 imm=0018 target=0
# BRANCH LOAD: seed=2026 index=108 code=201f0001 kind=MIPS_ADDI rs=0 rt=31 rd=0 imm=0001 target=0
# BRANCH LOAD: seed=2026 index=109 code=200a1a48 kind=MIPS_ADDI rs=0 rt=10 rd=0 imm=1a48 target=0
# BRANCH LOAD: seed=2026 index=110 code=ac0a0098 kind=MIPS_SW rs=0 rt=10 rd=0 imm=0098 target=0
# BRANCH LOAD: seed=2026 index=111 code=00000000 kind=MIPS_SLL rs=0 rt=0 rd=0 imm=0000 target=0
# BRANCH LOAD: seed=2026 index=112 code=00000000 kind=MIPS_SLL rs=0 rt=0 rd=0 imm=0000 target=0
# BRANCH LOAD: seed=2026 index=113 code=00000000 kind=MIPS_SLL rs=0 rt=0 rd=0 imm=0000 target=0
# BRANCH LOAD: seed=2026 index=114 code=00000000 kind=MIPS_SLL rs=0 rt=0 rd=0 imm=0000 target=0
# BRANCH BLOCK: seed=2026 start=115 scenario=CF_BRANCH_OVER_JUMP left=r11 right=r15 result=r13 counter=r30 value=2363 marker=6636 iterations=4
# BRANCH LOAD: seed=2026 index=115 code=200b2363 kind=MIPS_ADDI rs=0 rt=11 rd=0 imm=2363 target=0
# BRANCH LOAD: seed=2026 index=116 code=200f2363 kind=MIPS_ADDI rs=0 rt=15 rd=0 imm=2363 target=0
# BRANCH LOAD: seed=2026 index=117 code=116f0003 kind=MIPS_BEQ rs=11 rt=15 rd=0 imm=0003 target=0
# BRANCH LOAD: seed=2026 index=118 code=0800007c kind=MIPS_J rs=0 rt=0 rd=0 imm=0000 target=124
# BRANCH LOAD: seed=2026 index=119 code=ac0b001c kind=MIPS_SW rs=0 rt=11 rd=0 imm=001c target=0
# BRANCH LOAD: seed=2026 index=120 code=201f0001 kind=MIPS_ADDI rs=0 rt=31 rd=0 imm=0001 target=0
# BRANCH LOAD: seed=2026 index=121 code=200d6636 kind=MIPS_ADDI rs=0 rt=13 rd=0 imm=6636 target=0
# BRANCH LOAD: seed=2026 index=122 code=0800007e kind=MIPS_J rs=0 rt=0 rd=0 imm=0000 target=126
# BRANCH LOAD: seed=2026 index=123 code=ac0b001c kind=MIPS_SW rs=0 rt=11 rd=0 imm=001c target=0
# BRANCH LOAD: seed=2026 index=124 code=201f0001 kind=MIPS_ADDI rs=0 rt=31 rd=0 imm=0001 target=0
# BRANCH LOAD: seed=2026 index=125 code=200d0001 kind=MIPS_ADDI rs=0 rt=13 rd=0 imm=0001 target=0
# BRANCH LOAD: seed=2026 index=126 code=ac0d009c kind=MIPS_SW rs=0 rt=13 rd=0 imm=009c target=0
# BRANCH BLOCK: seed=2026 start=127 scenario=CF_BOUNDED_LOOP left=r2 right=r30 result=r13 counter=r10 value=e1b1 marker=112f iterations=1
# BRANCH LOAD: seed=2026 index=127 code=200a0001 kind=MIPS_ADDI rs=0 rt=10 rd=0 imm=0001 target=0
# BRANCH LOAD: seed=2026 index=128 code=200d112f kind=MIPS_ADDI rs=0 rt=13 rd=0 imm=112f target=0
# BRANCH LOAD: seed=2026 index=129 code=21ad0001 kind=MIPS_ADDI rs=13 rt=13 rd=0 imm=0001 target=0
# BRANCH LOAD: seed=2026 index=130 code=214affff kind=MIPS_ADDI rs=10 rt=10 rd=0 imm=ffff target=0
# BRANCH LOAD: seed=2026 index=131 code=1540fffd kind=MIPS_BNE rs=10 rt=0 rd=0 imm=fffd target=0
# BRANCH LOAD: seed=2026 index=132 code=ac0d00a0 kind=MIPS_SW rs=0 rt=13 rd=0 imm=00a0 target=0
# BRANCH LOAD: seed=2026 index=133 code=00000000 kind=MIPS_SLL rs=0 rt=0 rd=0 imm=0000 target=0
# BRANCH LOAD: seed=2026 index=134 code=00000000 kind=MIPS_SLL rs=0 rt=0 rd=0 imm=0000 target=0
# BRANCH LOAD: seed=2026 index=135 code=00000000 kind=MIPS_SLL rs=0 rt=0 rd=0 imm=0000 target=0
# BRANCH LOAD: seed=2026 index=136 code=00000000 kind=MIPS_SLL rs=0 rt=0 rd=0 imm=0000 target=0
# BRANCH LOAD: seed=2026 index=137 code=00000000 kind=MIPS_SLL rs=0 rt=0 rd=0 imm=0000 target=0
# BRANCH LOAD: seed=2026 index=138 code=00000000 kind=MIPS_SLL rs=0 rt=0 rd=0 imm=0000 target=0
# BRANCH BLOCK: seed=2026 start=139 scenario=CF_BNE_TAKEN left=r2 right=r15 result=r16 counter=r29 value=8000 marker=079b iterations=1
# BRANCH LOAD: seed=2026 index=139 code=20028000 kind=MIPS_ADDI rs=0 rt=2 rd=0 imm=8000 target=0
# BRANCH LOAD: seed=2026 index=140 code=200f8001 kind=MIPS_ADDI rs=0 rt=15 rd=0 imm=8001 target=0
# BRANCH LOAD: seed=2026 index=141 code=144f0002 kind=MIPS_BNE rs=2 rt=15 rd=0 imm=0002 target=0
# BRANCH LOAD: seed=2026 index=142 code=ac020024 kind=MIPS_SW rs=0 rt=2 rd=0 imm=0024 target=0
# BRANCH LOAD: seed=2026 index=143 code=201f0001 kind=MIPS_ADDI rs=0 rt=31 rd=0 imm=0001 target=0
# BRANCH LOAD: seed=2026 index=144 code=2010079b kind=MIPS_ADDI rs=0 rt=16 rd=0 imm=079b target=0
# BRANCH LOAD: seed=2026 index=145 code=ac1000a4 kind=MIPS_SW rs=0 rt=16 rd=0 imm=00a4 target=0
# BRANCH LOAD: seed=2026 index=146 code=00000000 kind=MIPS_SLL rs=0 rt=0 rd=0 imm=0000 target=0
# BRANCH LOAD: seed=2026 index=147 code=00000000 kind=MIPS_SLL rs=0 rt=0 rd=0 imm=0000 target=0
# BRANCH LOAD: seed=2026 index=148 code=00000000 kind=MIPS_SLL rs=0 rt=0 rd=0 imm=0000 target=0
# BRANCH LOAD: seed=2026 index=149 code=00000000 kind=MIPS_SLL rs=0 rt=0 rd=0 imm=0000 target=0
# BRANCH LOAD: seed=2026 index=150 code=00000000 kind=MIPS_SLL rs=0 rt=0 rd=0 imm=0000 target=0
# BRANCH BLOCK: seed=2026 start=151 scenario=CF_JUMP_FORWARD left=r22 right=r3 result=r28 counter=r16 value=0001 marker=53aa iterations=3
# BRANCH LOAD: seed=2026 index=151 code=20160001 kind=MIPS_ADDI rs=0 rt=22 rd=0 imm=0001 target=0
# BRANCH LOAD: seed=2026 index=152 code=0800009c kind=MIPS_J rs=0 rt=0 rd=0 imm=0000 target=156
# BRANCH LOAD: seed=2026 index=153 code=ac160028 kind=MIPS_SW rs=0 rt=22 rd=0 imm=0028 target=0
# BRANCH LOAD: seed=2026 index=154 code=201f0001 kind=MIPS_ADDI rs=0 rt=31 rd=0 imm=0001 target=0
# BRANCH LOAD: seed=2026 index=155 code=201c0001 kind=MIPS_ADDI rs=0 rt=28 rd=0 imm=0001 target=0
# BRANCH LOAD: seed=2026 index=156 code=201c53aa kind=MIPS_ADDI rs=0 rt=28 rd=0 imm=53aa target=0
# BRANCH LOAD: seed=2026 index=157 code=ac1c00a8 kind=MIPS_SW rs=0 rt=28 rd=0 imm=00a8 target=0
# BRANCH LOAD: seed=2026 index=158 code=00000000 kind=MIPS_SLL rs=0 rt=0 rd=0 imm=0000 target=0
# BRANCH LOAD: seed=2026 index=159 code=00000000 kind=MIPS_SLL rs=0 rt=0 rd=0 imm=0000 target=0
# BRANCH LOAD: seed=2026 index=160 code=00000000 kind=MIPS_SLL rs=0 rt=0 rd=0 imm=0000 target=0
# BRANCH LOAD: seed=2026 index=161 code=00000000 kind=MIPS_SLL rs=0 rt=0 rd=0 imm=0000 target=0
# BRANCH LOAD: seed=2026 index=162 code=00000000 kind=MIPS_SLL rs=0 rt=0 rd=0 imm=0000 target=0
# BRANCH BLOCK: seed=2026 start=163 scenario=CF_BEQ_NOT_TAKEN left=r13 right=r22 result=r8 counter=r14 value=dbde marker=6ab9 iterations=1
# BRANCH LOAD: seed=2026 index=163 code=200ddbde kind=MIPS_ADDI rs=0 rt=13 rd=0 imm=dbde target=0
# BRANCH LOAD: seed=2026 index=164 code=2016dbdf kind=MIPS_ADDI rs=0 rt=22 rd=0 imm=dbdf target=0
# BRANCH LOAD: seed=2026 index=165 code=11b60002 kind=MIPS_BEQ rs=13 rt=22 rd=0 imm=0002 target=0
# BRANCH LOAD: seed=2026 index=166 code=ac0d002c kind=MIPS_SW rs=0 rt=13 rd=0 imm=002c target=0
# BRANCH LOAD: seed=2026 index=167 code=20080001 kind=MIPS_ADDI rs=0 rt=8 rd=0 imm=0001 target=0
# BRANCH LOAD: seed=2026 index=168 code=20086ab9 kind=MIPS_ADDI rs=0 rt=8 rd=0 imm=6ab9 target=0
# BRANCH LOAD: seed=2026 index=169 code=ac0800ac kind=MIPS_SW rs=0 rt=8 rd=0 imm=00ac target=0
# BRANCH LOAD: seed=2026 index=170 code=00000000 kind=MIPS_SLL rs=0 rt=0 rd=0 imm=0000 target=0
# BRANCH LOAD: seed=2026 index=171 code=00000000 kind=MIPS_SLL rs=0 rt=0 rd=0 imm=0000 target=0
# BRANCH LOAD: seed=2026 index=172 code=00000000 kind=MIPS_SLL rs=0 rt=0 rd=0 imm=0000 target=0
# BRANCH LOAD: seed=2026 index=173 code=00000000 kind=MIPS_SLL rs=0 rt=0 rd=0 imm=0000 target=0
# BRANCH LOAD: seed=2026 index=174 code=00000000 kind=MIPS_SLL rs=0 rt=0 rd=0 imm=0000 target=0
# RANDOM BRANCH TEST PASS: seed=2026 blocks=12 words=175 randomizations=43 model_steps=164 checks=295 taken=8 not_taken=5 jumps=3 stalls=1 loads=1 stores=16
# ** Note: $finish    : /home/s23521611/project/mips/mips_school/tb/tb_mips_random_branch.sv(299)
#    Time: 1950 ns  Iteration: 1  Instance: /tb_mips_coverage/branch/test
# Break in Module tb_mips_random_branch at /home/s23521611/project/mips/mips_school/tb/tb_mips_random_branch.sv line 299
# Stopped at /home/s23521611/project/mips/mips_school/tb/tb_mips_random_branch.sv line 299
# COVERAGE RUN RESULT: name=branch_seed_2026 completed=1 errors=0 signal_errors=0 monitor_errors=0 checks=295 sampled_events=164 model_steps=164
# COVERAGE RUN PASS: branch_seed_2026
# echo "COVERAGE REGRESSION PASS: $coverage_total_runs runs, $coverage_total_checks CPU checks, $coverage_total_events observed executed instructions"
# COVERAGE REGRESSION PASS: 15 runs, 4411 CPU checks, 1622 observed executed instructions
# 
# set plan_report [file join $run_dir coverage_plan.txt]
# /home/s23521611/project/mips/mips_school/tb/functional_coverage_run/coverage_plan.txt
# set channel [open $plan_report w]
# file17
# puts $channel "Initial MIPS functional coverage plan: 64 bins (not all possible CPU behavior)."
# puts $channel "Only DUT events from passing tests are merged. No code coverage is requested."
# set coverage_plan_hit 0
# 0
# set coverage_plan_total 0
# 0
# foreach group $coverage_plan {
#     lassign $group field labels
#     set hits 0
#     set missing [list]
#     for {set index 0} {$index < [llength $labels]} {incr index} {
#         if {$coverage_merged($field) & (1 << $index)} {incr hits} else {lappend missing [lindex $labels $index]}
#     }
#     incr coverage_plan_hit $hits
#     incr coverage_plan_total [llength $labels]
#     set line "${field}: $hits/[llength $labels] missing={$missing}"
#     puts $channel $line
#     echo $line
# }
# instruction_mask: 17/17 missing={}
# immediate_mask: 6/6 missing={}
# shift_mask: 6/6 missing={}
# destination_mask: 2/2 missing={}
# memory_address_mask: 6/6 missing={}
# memory_offset_mask: 6/6 missing={}
# load_destination_mask: 2/2 missing={}
# branch_outcome_mask: 4/4 missing={}
# branch_direction_mask: 2/2 missing={}
# jump_mask: 2/2 missing={}
# hazard_mask: 3/3 missing={}
# forwarding_mask: 6/6 missing={}
# load_distance_mask: 2/2 missing={}
# set percentage [format %.2f [expr {100.0*$coverage_plan_hit/$coverage_plan_total}]]
# 100.00
# set summary "FUNCTIONAL COVERAGE PLAN: $coverage_plan_hit/$coverage_plan_total bins ($percentage%)"
# FUNCTIONAL COVERAGE PLAN: 64/64 bins (100.00%)
# puts $channel $summary
# close $channel
# echo $summary
# FUNCTIONAL COVERAGE PLAN: 64/64 bins (100.00%)
# 
# All runs use the same monitor hierarchy. Save each test with a unique name.
# catch {quit -sim}
# End time: 15:00:29 on Oct 09,2026, Elapsed time: 0:00:03
# Errors: 0, Warnings: 1
# 0
# set vcover_tool [auto_execok vcover]
# /home/eda/siemens/questasim/questasim/linux_x86_64/vcover
# if {$vcover_tool eq ""} {error "vcover not found; passing run UCDBs and coverage_plan.txt are retained"}
# set merged_database [file join $run_dir mips_functional_merged.ucdb]
# /home/s23521611/project/mips/mips_school/tb/functional_coverage_run/mips_functional_merged.ucdb
# set merge_output [exec {*}$vcover_tool merge -64 -mergedesigndiffs $merged_database {*}$coverage_files 2>@1]
# QuestaSim-64 vcover 2021.2_1 Coverage Utility 2021.05 May 15 2021
# Start time: 15:00:29 on Oct 09,2026
# vcover merge -mergedesigndiffs /home/s23521611/project/mips/mips_school/tb/functional_coverage_run/mips_functional_merged.ucdb /home/s23521611/project/mips/mips_school/tb/functional_coverage_run/directed_0.ucdb /home/s23521611/project/mips/mips_school/tb/functional_coverage_run/directed_1.ucdb /home/s23521611/project/mips/mips_school/tb/functional_coverage_run/directed_2.ucdb /home/s23521611/project/mips/mips_school/tb/functional_coverage_run/alu_seed_1.ucdb /home/s23521611/project/mips/mips_school/tb/functional_coverage_run/memory_seed_1.ucdb /home/s23521611/project/mips/mips_school/tb/functional_coverage_run/branch_seed_1.ucdb /home/s23521611/project/mips/mips_school/tb/functional_coverage_run/alu_seed_7.ucdb /home/s23521611/project/mips/mips_school/tb/functional_coverage_run/memory_seed_7.ucdb /home/s23521611/project/mips/mips_school/tb/functional_coverage_run/branch_seed_7.ucdb /home/s23521611/project/mips/mips_school/tb/functional_coverage_run/alu_seed_42.ucdb /home/s23521611/project/mips/mips_school/tb/functional_coverage_run/memory_seed_42.ucdb /home/s23521611/project/mips/mips_school/tb/functional_coverage_run/branch_seed_42.ucdb /home/s23521611/project/mips/mips_school/tb/functional_coverage_run/alu_seed_2026.ucdb /home/s23521611/project/mips/mips_school/tb/functional_coverage_run/memory_seed_2026.ucdb /home/s23521611/project/mips/mips_school/tb/functional_coverage_run/branch_seed_2026.ucdb -64 
# QuestaSim-64 vcover 2021.2_1 Coverage Utility 2021.05 May 15 2021
# Merging file /home/s23521611/project/mips/mips_school/tb/functional_coverage_run/directed_0.ucdb
# Merging file /home/s23521611/project/mips/mips_school/tb/functional_coverage_run/directed_1.ucdb
# Merging file /home/s23521611/project/mips/mips_school/tb/functional_coverage_run/directed_2.ucdb
# Merging file /home/s23521611/project/mips/mips_school/tb/functional_coverage_run/alu_seed_1.ucdb
# Merging file /home/s23521611/project/mips/mips_school/tb/functional_coverage_run/memory_seed_1.ucdb
# Merging file /home/s23521611/project/mips/mips_school/tb/functional_coverage_run/branch_seed_1.ucdb
# Merging file /home/s23521611/project/mips/mips_school/tb/functional_coverage_run/alu_seed_7.ucdb
# Merging file /home/s23521611/project/mips/mips_school/tb/functional_coverage_run/memory_seed_7.ucdb
# Merging file /home/s23521611/project/mips/mips_school/tb/functional_coverage_run/branch_seed_7.ucdb
# Merging file /home/s23521611/project/mips/mips_school/tb/functional_coverage_run/alu_seed_42.ucdb
# Merging file /home/s23521611/project/mips/mips_school/tb/functional_coverage_run/memory_seed_42.ucdb
# Merging file /home/s23521611/project/mips/mips_school/tb/functional_coverage_run/branch_seed_42.ucdb
# Merging file /home/s23521611/project/mips/mips_school/tb/functional_coverage_run/alu_seed_2026.ucdb
# Merging file /home/s23521611/project/mips/mips_school/tb/functional_coverage_run/memory_seed_2026.ucdb
# Merging file /home/s23521611/project/mips/mips_school/tb/functional_coverage_run/branch_seed_2026.ucdb
# Writing merged result to /home/s23521611/project/mips/mips_school/tb/functional_coverage_run/mips_functional_merged.ucdb
# 
# End time: 15:00:29 on Oct 09,2026, Elapsed time: 0:00:00
# Errors: 0, Warnings: 0
# echo $merge_output
# QuestaSim-64 vcover 2021.2_1 Coverage Utility 2021.05 May 15 2021
# Start time: 15:00:29 on Oct 09,2026
# vcover merge -mergedesigndiffs /home/s23521611/project/mips/mips_school/tb/functional_coverage_run/mips_functional_merged.ucdb /home/s23521611/project/mips/mips_school/tb/functional_coverage_run/directed_0.ucdb /home/s23521611/project/mips/mips_school/tb/functional_coverage_run/directed_1.ucdb /home/s23521611/project/mips/mips_school/tb/functional_coverage_run/directed_2.ucdb /home/s23521611/project/mips/mips_school/tb/functional_coverage_run/alu_seed_1.ucdb /home/s23521611/project/mips/mips_school/tb/functional_coverage_run/memory_seed_1.ucdb /home/s23521611/project/mips/mips_school/tb/functional_coverage_run/branch_seed_1.ucdb /home/s23521611/project/mips/mips_school/tb/functional_coverage_run/alu_seed_7.ucdb /home/s23521611/project/mips/mips_school/tb/functional_coverage_run/memory_seed_7.ucdb /home/s23521611/project/mips/mips_school/tb/functional_coverage_run/branch_seed_7.ucdb /home/s23521611/project/mips/mips_school/tb/functional_coverage_run/alu_seed_42.ucdb /home/s23521611/project/mips/mips_school/tb/functional_coverage_run/memory_seed_42.ucdb /home/s23521611/project/mips/mips_school/tb/functional_coverage_run/branch_seed_42.ucdb /home/s23521611/project/mips/mips_school/tb/functional_coverage_run/alu_seed_2026.ucdb /home/s23521611/project/mips/mips_school/tb/functional_coverage_run/memory_seed_2026.ucdb /home/s23521611/project/mips/mips_school/tb/functional_coverage_run/branch_seed_2026.ucdb -64 
# QuestaSim-64 vcover 2021.2_1 Coverage Utility 2021.05 May 15 2021
# Merging file /home/s23521611/project/mips/mips_school/tb/functional_coverage_run/directed_0.ucdb
# Merging file /home/s23521611/project/mips/mips_school/tb/functional_coverage_run/directed_1.ucdb
# Merging file /home/s23521611/project/mips/mips_school/tb/functional_coverage_run/directed_2.ucdb
# Merging file /home/s23521611/project/mips/mips_school/tb/functional_coverage_run/alu_seed_1.ucdb
# Merging file /home/s23521611/project/mips/mips_school/tb/functional_coverage_run/memory_seed_1.ucdb
# Merging file /home/s23521611/project/mips/mips_school/tb/functional_coverage_run/branch_seed_1.ucdb
# Merging file /home/s23521611/project/mips/mips_school/tb/functional_coverage_run/alu_seed_7.ucdb
# Merging file /home/s23521611/project/mips/mips_school/tb/functional_coverage_run/memory_seed_7.ucdb
# Merging file /home/s23521611/project/mips/mips_school/tb/functional_coverage_run/branch_seed_7.ucdb
# Merging file /home/s23521611/project/mips/mips_school/tb/functional_coverage_run/alu_seed_42.ucdb
# Merging file /home/s23521611/project/mips/mips_school/tb/functional_coverage_run/memory_seed_42.ucdb
# Merging file /home/s23521611/project/mips/mips_school/tb/functional_coverage_run/branch_seed_42.ucdb
# Merging file /home/s23521611/project/mips/mips_school/tb/functional_coverage_run/alu_seed_2026.ucdb
# Merging file /home/s23521611/project/mips/mips_school/tb/functional_coverage_run/memory_seed_2026.ucdb
# Merging file /home/s23521611/project/mips/mips_school/tb/functional_coverage_run/branch_seed_2026.ucdb
# Writing merged result to /home/s23521611/project/mips/mips_school/tb/functional_coverage_run/mips_functional_merged.ucdb
# 
# End time: 15:00:29 on Oct 09,2026, Elapsed time: 0:00:00
# Errors: 0, Warnings: 0
# set native_report [file join $run_dir functional_coverage_report.txt]
# /home/s23521611/project/mips/mips_school/tb/functional_coverage_run/functional_coverage_report.txt
# set report_output [exec {*}$vcover_tool report -64 -cvg -details $merged_database 2>@1]
# QuestaSim-64 vcover 2021.2_1 Coverage Utility 2021.05 May 15 2021
# Start time: 15:00:29 on Oct 09,2026
# vcover report -cvg -details /home/s23521611/project/mips/mips_school/tb/functional_coverage_run/mips_functional_merged.ucdb -64 
# Coverage Report by instance with details
# 
# =================================================================================
# === Instance: /mips_coverage_pkg
# === Design Unit: work.mips_coverage_pkg
# =================================================================================
# 
# Covergroup Coverage:
#     Covergroups                     11        na        na   100.00%
#         Coverpoints/Crosses         22        na        na        na
#             Covergroup Bins         86        86         0   100.00%
# ----------------------------------------------------------------------------------------------------------
# Covergroup                                             Metric       Goal       Bins    Status               
#                                                                                                          
# ----------------------------------------------------------------------------------------------------------
#  TYPE /mips_coverage_pkg/mips_functional_coverage/instruction_cg 
#                                                       100.00%        100          -    Covered              
#     covered/total bins:                                    17         17          -                      
#     missing/total bins:                                     0         17          -                      
#     % Hit:                                            100.00%        100          -                      
#     Coverpoint cp_kind                                100.00%        100          -    Covered              
#         covered/total bins:                                17         17          -                      
#         missing/total bins:                                 0         17          -                      
#         % Hit:                                        100.00%        100          -                      
#         bin kinds[0]                                      591          1          -    Covered              
#         bin kinds[1]                                       19          1          -    Covered              
#         bin kinds[2]                                       22          1          -    Covered              
#         bin kinds[3]                                      231          1          -    Covered              
#         bin kinds[4]                                      122          1          -    Covered              
#         bin kinds[5]                                       90          1          -    Covered              
#         bin kinds[6]                                       17          1          -    Covered              
#         bin kinds[7]                                       23          1          -    Covered              
#         bin kinds[8]                                       42          1          -    Covered              
#         bin kinds[9]                                       32          1          -    Covered              
#         bin kinds[10]                                      59          1          -    Covered              
#         bin kinds[11]                                      28          1          -    Covered              
#         bin kinds[12]                                     250          1          -    Covered              
#         bin kinds[13]                                      21          1          -    Covered              
#         bin kinds[14]                                      30          1          -    Covered              
#         bin kinds[15]                                      32          1          -    Covered              
#         bin kinds[16]                                      13          1          -    Covered              
#  Covergroup instance instructions                     100.00%        100          -    Covered              
#     covered/total bins:                                    17         17          -                      
#     missing/total bins:                                     0         17          -                      
#     % Hit:                                            100.00%        100          -                      
#     Coverpoint cp_kind                                100.00%        100          -    Covered              
#         covered/total bins:                                17         17          -                      
#         missing/total bins:                                 0         17          -                      
#         % Hit:                                        100.00%        100          -                      
#         bin kinds[0]                                      591          1          -    Covered              
#         bin kinds[1]                                       19          1          -    Covered              
#         bin kinds[2]                                       22          1          -    Covered              
#         bin kinds[3]                                      231          1          -    Covered              
#         bin kinds[4]                                      122          1          -    Covered              
#         bin kinds[5]                                       90          1          -    Covered              
#         bin kinds[6]                                       17          1          -    Covered              
#         bin kinds[7]                                       23          1          -    Covered              
#         bin kinds[8]                                       42          1          -    Covered              
#         bin kinds[9]                                       32          1          -    Covered              
#         bin kinds[10]                                      59          1          -    Covered              
#         bin kinds[11]                                      28          1          -    Covered              
#         bin kinds[12]                                     250          1          -    Covered              
#         bin kinds[13]                                      21          1          -    Covered              
#         bin kinds[14]                                      30          1          -    Covered              
#         bin kinds[15]                                      32          1          -    Covered              
#         bin kinds[16]                                      13          1          -    Covered              
#  TYPE /mips_coverage_pkg/mips_functional_coverage/immediate_cg 
#                                                       100.00%        100          -    Covered              
#     covered/total bins:                                     6          6          -                      
#     missing/total bins:                                     0          6          -                      
#     % Hit:                                            100.00%        100          -                      
#     Coverpoint cp_value                               100.00%        100          -    Covered              
#         covered/total bins:                                 6          6          -                      
#         missing/total bins:                                 0          6          -                      
#         % Hit:                                        100.00%        100          -                      
#         bin zero                                           56          1          -    Covered              
#         bin one                                            86          1          -    Covered              
#         bin max_positive                                   70          1          -    Covered              
#         bin min_negative                                   57          1          -    Covered              
#         bin all_ones                                       88          1          -    Covered              
#         bin other                                         275          1          -    Covered              
#  Covergroup instance immediates                       100.00%        100          -    Covered              
#     covered/total bins:                                     6          6          -                      
#     missing/total bins:                                     0          6          -                      
#     % Hit:                                            100.00%        100          -                      
#     Coverpoint cp_value                               100.00%        100          -    Covered              
#         covered/total bins:                                 6          6          -                      
#         missing/total bins:                                 0          6          -                      
#         % Hit:                                        100.00%        100          -                      
#         bin zero                                           56          1          -    Covered              
#         bin one                                            86          1          -    Covered              
#         bin max_positive                                   70          1          -    Covered              
#         bin min_negative                                   57          1          -    Covered              
#         bin all_ones                                       88          1          -    Covered              
#         bin other                                         275          1          -    Covered              
#  TYPE /mips_coverage_pkg/mips_functional_coverage/shift_cg 
#                                                       100.00%        100          -    Covered              
#     covered/total bins:                                    11         11          -                      
#     missing/total bins:                                     0         11          -                      
#     % Hit:                                            100.00%        100          -                      
#     Coverpoint cp_operation                           100.00%        100          -    Covered              
#         covered/total bins:                                 2          2          -                      
#         missing/total bins:                                 0          2          -                      
#         % Hit:                                        100.00%        100          -                      
#         bin sll                                           250          1          -    Covered              
#         bin srl                                            21          1          -    Covered              
#     Coverpoint cp_amount                              100.00%        100          -    Covered              
#         covered/total bins:                                 3          3          -                      
#         missing/total bins:                                 0          3          -                      
#         % Hit:                                        100.00%        100          -                      
#         bin zero                                          226          1          -    Covered              
#         bin middle                                         34          1          -    Covered              
#         bin thirty_one                                     11          1          -    Covered              
#     Cross operation_x_amount                          100.00%        100          -    Covered              
#         covered/total bins:                                 6          6          -                      
#         missing/total bins:                                 0          6          -                      
#         % Hit:                                        100.00%        100          -                      
#         Auto, Default and User Defined Bins:
#             bin <srl,thirty_one>                            4          1          -    Covered              
#             bin <sll,thirty_one>                            7          1          -    Covered              
#             bin <srl,middle>                               13          1          -    Covered              
#             bin <sll,middle>                               21          1          -    Covered              
#             bin <srl,zero>                                  4          1          -    Covered              
#             bin <sll,zero>                                222          1          -    Covered              
#  Covergroup instance shifts                           100.00%        100          -    Covered              
#     covered/total bins:                                    11         11          -                      
#     missing/total bins:                                     0         11          -                      
#     % Hit:                                            100.00%        100          -                      
#     Coverpoint cp_operation                           100.00%        100          -    Covered              
#         covered/total bins:                                 2          2          -                      
#         missing/total bins:                                 0          2          -                      
#         % Hit:                                        100.00%        100          -                      
#         bin sll                                           250          1          -    Covered              
#         bin srl                                            21          1          -    Covered              
#     Coverpoint cp_amount                              100.00%        100          -    Covered              
#         covered/total bins:                                 3          3          -                      
#         missing/total bins:                                 0          3          -                      
#         % Hit:                                        100.00%        100          -                      
#         bin zero                                          226          1          -    Covered              
#         bin middle                                         34          1          -    Covered              
#         bin thirty_one                                     11          1          -    Covered              
#     Cross operation_x_amount                          100.00%        100          -    Covered              
#         covered/total bins:                                 6          6          -                      
#         missing/total bins:                                 0          6          -                      
#         % Hit:                                        100.00%        100          -                      
#         Auto, Default and User Defined Bins:
#             bin <srl,thirty_one>                            4          1          -    Covered              
#             bin <sll,thirty_one>                            7          1          -    Covered              
#             bin <srl,middle>                               13          1          -    Covered              
#             bin <sll,middle>                               21          1          -    Covered              
#             bin <srl,zero>                                  4          1          -    Covered              
#             bin <sll,zero>                                222          1          -    Covered              
#  TYPE /mips_coverage_pkg/mips_functional_coverage/destination_cg 
#                                                       100.00%        100          -    Covered              
#     covered/total bins:                                     2          2          -                      
#     missing/total bins:                                     0          2          -                      
#     % Hit:                                            100.00%        100          -                      
#     Coverpoint cp_destination                         100.00%        100          -    Covered              
#         covered/total bins:                                 2          2          -                      
#         missing/total bins:                                 0          2          -                      
#         % Hit:                                        100.00%        100          -                      
#         bin nonzero                                      1077          1          -    Covered              
#         bin zero                                          239          1          -    Covered              
#  Covergroup instance destinations                     100.00%        100          -    Covered              
#     covered/total bins:                                     2          2          -                      
#     missing/total bins:                                     0          2          -                      
#     % Hit:                                            100.00%        100          -                      
#     Coverpoint cp_destination                         100.00%        100          -    Covered              
#         covered/total bins:                                 2          2          -                      
#         missing/total bins:                                 0          2          -                      
#         % Hit:                                        100.00%        100          -                      
#         bin nonzero                                      1077          1          -    Covered              
#         bin zero                                          239          1          -    Covered              
#  TYPE /mips_coverage_pkg/mips_functional_coverage/memory_cg 
#                                                       100.00%        100          -    Covered              
#     covered/total bins:                                    20         20          -                      
#     missing/total bins:                                     0         20          -                      
#     % Hit:                                            100.00%        100          -                      
#     Coverpoint cp_operation                           100.00%        100          -    Covered              
#         covered/total bins:                                 2          2          -                      
#         missing/total bins:                                 0          2          -                      
#         % Hit:                                        100.00%        100          -                      
#         bin lw                                            122          1          -    Covered              
#         bin sw                                            231          1          -    Covered              
#     Coverpoint cp_address                             100.00%        100          -    Covered              
#         covered/total bins:                                 3          3          -                      
#         missing/total bins:                                 0          3          -                      
#         % Hit:                                        100.00%        100          -                      
#         bin first                                          14          1          -    Covered              
#         bin interior                                      320          1          -    Covered              
#         bin last                                           19          1          -    Covered              
#     Coverpoint cp_offset                              100.00%        100          -    Covered              
#         covered/total bins:                                 3          3          -                      
#         missing/total bins:                                 0          3          -                      
#         % Hit:                                        100.00%        100          -                      
#         bin negative                                      140          1          -    Covered              
#         bin zero                                           14          1          -    Covered              
#         bin positive                                      199          1          -    Covered              
#     Cross operation_x_address                         100.00%        100          -    Covered              
#         covered/total bins:                                 6          6          -                      
#         missing/total bins:                                 0          6          -                      
#         % Hit:                                        100.00%        100          -                      
#         Auto, Default and User Defined Bins:
#             bin <sw,last>                                  10          1          -    Covered              
#             bin <lw,last>                                   9          1          -    Covered              
#             bin <sw,first>                                  8          1          -    Covered              
#             bin <lw,first>                                  6          1          -    Covered              
#             bin <sw,interior>                             213          1          -    Covered              
#             bin <lw,interior>                             107          1          -    Covered              
#     Cross operation_x_offset                          100.00%        100          -    Covered              
#         covered/total bins:                                 6          6          -                      
#         missing/total bins:                                 0          6          -                      
#         % Hit:                                        100.00%        100          -                      
#         Auto, Default and User Defined Bins:
#             bin <sw,positive>                             143          1          -    Covered              
#             bin <lw,positive>                              56          1          -    Covered              
#             bin <sw,zero>                                   7          1          -    Covered              
#             bin <lw,zero>                                   7          1          -    Covered              
#             bin <sw,negative>                              81          1          -    Covered              
#             bin <lw,negative>                              59          1          -    Covered              
#  Covergroup instance memory                           100.00%        100          -    Covered              
#     covered/total bins:                                    20         20          -                      
#     missing/total bins:                                     0         20          -                      
#     % Hit:                                            100.00%        100          -                      
#     Coverpoint cp_operation                           100.00%        100          -    Covered              
#         covered/total bins:                                 2          2          -                      
#         missing/total bins:                                 0          2          -                      
#         % Hit:                                        100.00%        100          -                      
#         bin lw                                            122          1          -    Covered              
#         bin sw                                            231          1          -    Covered              
#     Coverpoint cp_address                             100.00%        100          -    Covered              
#         covered/total bins:                                 3          3          -                      
#         missing/total bins:                                 0          3          -                      
#         % Hit:                                        100.00%        100          -                      
#         bin first                                          14          1          -    Covered              
#         bin interior                                      320          1          -    Covered              
#         bin last                                           19          1          -    Covered              
#     Coverpoint cp_offset                              100.00%        100          -    Covered              
#         covered/total bins:                                 3          3          -                      
#         missing/total bins:                                 0          3          -                      
#         % Hit:                                        100.00%        100          -                      
#         bin negative                                      140          1          -    Covered              
#         bin zero                                           14          1          -    Covered              
#         bin positive                                      199          1          -    Covered              
#     Cross operation_x_address                         100.00%        100          -    Covered              
#         covered/total bins:                                 6          6          -                      
#         missing/total bins:                                 0          6          -                      
#         % Hit:                                        100.00%        100          -                      
#         Auto, Default and User Defined Bins:
#             bin <sw,last>                                  10          1          -    Covered              
#             bin <lw,last>                                   9          1          -    Covered              
#             bin <sw,first>                                  8          1          -    Covered              
#             bin <lw,first>                                  6          1          -    Covered              
#             bin <sw,interior>                             213          1          -    Covered              
#             bin <lw,interior>                             107          1          -    Covered              
#     Cross operation_x_offset                          100.00%        100          -    Covered              
#         covered/total bins:                                 6          6          -                      
#         missing/total bins:                                 0          6          -                      
#         % Hit:                                        100.00%        100          -                      
#         Auto, Default and User Defined Bins:
#             bin <sw,positive>                             143          1          -    Covered              
#             bin <lw,positive>                              56          1          -    Covered              
#             bin <sw,zero>                                   7          1          -    Covered              
#             bin <lw,zero>                                   7          1          -    Covered              
#             bin <sw,negative>                              81          1          -    Covered              
#             bin <lw,negative>                              59          1          -    Covered              
#  TYPE /mips_coverage_pkg/mips_functional_coverage/load_destination_cg 
#                                                       100.00%        100          -    Covered              
#     covered/total bins:                                     2          2          -                      
#     missing/total bins:                                     0          2          -                      
#     % Hit:                                            100.00%        100          -                      
#     Coverpoint cp_destination                         100.00%        100          -    Covered              
#         covered/total bins:                                 2          2          -                      
#         missing/total bins:                                 0          2          -                      
#         % Hit:                                        100.00%        100          -                      
#         bin nonzero                                       109          1          -    Covered              
#         bin zero                                           13          1          -    Covered              
#  Covergroup instance load_destinations                100.00%        100          -    Covered              
#     covered/total bins:                                     2          2          -                      
#     missing/total bins:                                     0          2          -                      
#     % Hit:                                            100.00%        100          -                      
#     Coverpoint cp_destination                         100.00%        100          -    Covered              
#         covered/total bins:                                 2          2          -                      
#         missing/total bins:                                 0          2          -                      
#         % Hit:                                        100.00%        100          -                      
#         bin nonzero                                       109          1          -    Covered              
#         bin zero                                           13          1          -    Covered              
#  TYPE /mips_coverage_pkg/mips_functional_coverage/branch_cg 
#                                                       100.00%        100          -    Covered              
#     covered/total bins:                                    10         10          -                      
#     missing/total bins:                                     0         10          -                      
#     % Hit:                                            100.00%        100          -                      
#     Coverpoint cp_operation                           100.00%        100          -    Covered              
#         covered/total bins:                                 2          2          -                      
#         missing/total bins:                                 0          2          -                      
#         % Hit:                                        100.00%        100          -                      
#         bin beq                                            30          1          -    Covered              
#         bin bne                                            32          1          -    Covered              
#     Coverpoint cp_taken                               100.00%        100          -    Covered              
#         covered/total bins:                                 2          2          -                      
#         missing/total bins:                                 0          2          -                      
#         % Hit:                                        100.00%        100          -                      
#         bin not_taken                                      23          1          -    Covered              
#         bin taken                                          39          1          -    Covered              
#     Coverpoint cp_direction                           100.00%        100          -    Covered              
#         covered/total bins:                                 2          2          -                      
#         missing/total bins:                                 0          2          -                      
#         % Hit:                                        100.00%        100          -                      
#         bin forward_or_zero                                42          1          -    Covered              
#         bin backward                                       20          1          -    Covered              
#     Cross operation_x_outcome                         100.00%        100          -    Covered              
#         covered/total bins:                                 4          4          -                      
#         missing/total bins:                                 0          4          -                      
#         % Hit:                                        100.00%        100          -                      
#         Auto, Default and User Defined Bins:
#             bin <bne,taken>                                19          1          -    Covered              
#             bin <beq,taken>                                20          1          -    Covered              
#             bin <bne,not_taken>                            13          1          -    Covered              
#             bin <beq,not_taken>                            10          1          -    Covered              
#  Covergroup instance branches                         100.00%        100          -    Covered              
#     covered/total bins:                                    10         10          -                      
#     missing/total bins:                                     0         10          -                      
#     % Hit:                                            100.00%        100          -                      
#     Coverpoint cp_operation                           100.00%        100          -    Covered              
#         covered/total bins:                                 2          2          -                      
#         missing/total bins:                                 0          2          -                      
#         % Hit:                                        100.00%        100          -                      
#         bin beq                                            30          1          -    Covered              
#         bin bne                                            32          1          -    Covered              
#     Coverpoint cp_taken                               100.00%        100          -    Covered              
#         covered/total bins:                                 2          2          -                      
#         missing/total bins:                                 0          2          -                      
#         % Hit:                                        100.00%        100          -                      
#         bin not_taken                                      23          1          -    Covered              
#         bin taken                                          39          1          -    Covered              
#     Coverpoint cp_direction                           100.00%        100          -    Covered              
#         covered/total bins:                                 2          2          -                      
#         missing/total bins:                                 0          2          -                      
#         % Hit:                                        100.00%        100          -                      
#         bin forward_or_zero                                42          1          -    Covered              
#         bin backward                                       20          1          -    Covered              
#     Cross operation_x_outcome                         100.00%        100          -    Covered              
#         covered/total bins:                                 4          4          -                      
#         missing/total bins:                                 0          4          -                      
#         % Hit:                                        100.00%        100          -                      
#         Auto, Default and User Defined Bins:
#             bin <bne,taken>                                19          1          -    Covered              
#             bin <beq,taken>                                20          1          -    Covered              
#             bin <bne,not_taken>                            13          1          -    Covered              
#             bin <beq,not_taken>                            10          1          -    Covered              
#  TYPE /mips_coverage_pkg/mips_functional_coverage/jump_cg 
#                                                       100.00%        100          -    Covered              
#     covered/total bins:                                     2          2          -                      
#     missing/total bins:                                     0          2          -                      
#     % Hit:                                            100.00%        100          -                      
#     Coverpoint cp_jump                                100.00%        100          -    Covered              
#         covered/total bins:                                 2          2          -                      
#         missing/total bins:                                 0          2          -                      
#         % Hit:                                        100.00%        100          -                      
#         bin accepted                                       13          1          -    Covered              
#         bin cancelled_by_branch                             6          1          -    Covered              
#  Covergroup instance jumps                            100.00%        100          -    Covered              
#     covered/total bins:                                     2          2          -                      
#     missing/total bins:                                     0          2          -                      
#     % Hit:                                            100.00%        100          -                      
#     Coverpoint cp_jump                                100.00%        100          -    Covered              
#         covered/total bins:                                 2          2          -                      
#         missing/total bins:                                 0          2          -                      
#         % Hit:                                        100.00%        100          -                      
#         bin accepted                                       13          1          -    Covered              
#         bin cancelled_by_branch                             6          1          -    Covered              
#  TYPE /mips_coverage_pkg/mips_functional_coverage/hazard_cg 
#                                                       100.00%        100          -    Covered              
#     covered/total bins:                                     3          3          -                      
#     missing/total bins:                                     0          3          -                      
#     % Hit:                                            100.00%        100          -                      
#     Coverpoint cp_consumer                            100.00%        100          -    Covered              
#         covered/total bins:                                 3          3          -                      
#         missing/total bins:                                 0          3          -                      
#         % Hit:                                        100.00%        100          -                      
#         bin alu                                            54          1          -    Covered              
#         bin store_data                                     30          1          -    Covered              
#         bin branch                                          6          1          -    Covered              
#  Covergroup instance load_use_hazards                 100.00%        100          -    Covered              
#     covered/total bins:                                     3          3          -                      
#     missing/total bins:                                     0          3          -                      
#     % Hit:                                            100.00%        100          -                      
#     Coverpoint cp_consumer                            100.00%        100          -    Covered              
#         covered/total bins:                                 3          3          -                      
#         missing/total bins:                                 0          3          -                      
#         % Hit:                                        100.00%        100          -                      
#         bin alu                                            54          1          -    Covered              
#         bin store_data                                     30          1          -    Covered              
#         bin branch                                          6          1          -    Covered              
#  TYPE /mips_coverage_pkg/mips_functional_coverage/forwarding_cg 
#                                                       100.00%        100          -    Covered              
#     covered/total bins:                                    11         11          -                      
#     missing/total bins:                                     0         11          -                      
#     % Hit:                                            100.00%        100          -                      
#     Coverpoint cp_operand                             100.00%        100          -    Covered              
#         covered/total bins:                                 2          2          -                      
#         missing/total bins:                                 0          2          -                      
#         % Hit:                                        100.00%        100          -                      
#         bin a                                            1338          1          -    Covered              
#         bin b                                             855          1          -    Covered              
#     Coverpoint cp_source                              100.00%        100          -    Covered              
#         covered/total bins:                                 3          3          -                      
#         missing/total bins:                                 0          3          -                      
#         % Hit:                                        100.00%        100          -                      
#         bin register_file                                1835          1          -    Covered              
#         bin ex_mem                                        195          1          -    Covered              
#         bin mem_wb                                        163          1          -    Covered              
#     Cross operand_x_source                            100.00%        100          -    Covered              
#         covered/total bins:                                 6          6          -                      
#         missing/total bins:                                 0          6          -                      
#         % Hit:                                        100.00%        100          -                      
#         Auto, Default and User Defined Bins:
#             bin <b,mem_wb>                                 55          1          -    Covered              
#             bin <a,mem_wb>                                108          1          -    Covered              
#             bin <b,ex_mem>                                157          1          -    Covered              
#             bin <a,ex_mem>                                 38          1          -    Covered              
#             bin <b,register_file>                         643          1          -    Covered              
#             bin <a,register_file>                        1192          1          -    Covered              
#  Covergroup instance forwarding                       100.00%        100          -    Covered              
#     covered/total bins:                                    11         11          -                      
#     missing/total bins:                                     0         11          -                      
#     % Hit:                                            100.00%        100          -                      
#     Coverpoint cp_operand                             100.00%        100          -    Covered              
#         covered/total bins:                                 2          2          -                      
#         missing/total bins:                                 0          2          -                      
#         % Hit:                                        100.00%        100          -                      
#         bin a                                            1338          1          -    Covered              
#         bin b                                             855          1          -    Covered              
#     Coverpoint cp_source                              100.00%        100          -    Covered              
#         covered/total bins:                                 3          3          -                      
#         missing/total bins:                                 0          3          -                      
#         % Hit:                                        100.00%        100          -                      
#         bin register_file                                1835          1          -    Covered              
#         bin ex_mem                                        195          1          -    Covered              
#         bin mem_wb                                        163          1          -    Covered              
#     Cross operand_x_source                            100.00%        100          -    Covered              
#         covered/total bins:                                 6          6          -                      
#         missing/total bins:                                 0          6          -                      
#         % Hit:                                        100.00%        100          -                      
#         Auto, Default and User Defined Bins:
#             bin <b,mem_wb>                                 55          1          -    Covered              
#             bin <a,mem_wb>                                108          1          -    Covered              
#             bin <b,ex_mem>                                157          1          -    Covered              
#             bin <a,ex_mem>                                 38          1          -    Covered              
#             bin <b,register_file>                         643          1          -    Covered              
#             bin <a,register_file>                        1192          1          -    Covered              
#  TYPE /mips_coverage_pkg/mips_functional_coverage/load_distance_cg 
#                                                       100.00%        100          -    Covered              
#     covered/total bins:                                     2          2          -                      
#     missing/total bins:                                     0          2          -                      
#     % Hit:                                            100.00%        100          -                      
#     Coverpoint cp_distance                            100.00%        100          -    Covered              
#         covered/total bins:                                 2          2          -                      
#         missing/total bins:                                 0          2          -                      
#         % Hit:                                        100.00%        100          -                      
#         bin immediate                                      90          1          -    Covered              
#         bin one_instruction_gap                            18          1          -    Covered              
#  Covergroup instance load_distances                   100.00%        100          -    Covered              
#     covered/total bins:                                     2          2          -                      
#     missing/total bins:                                     0          2          -                      
#     % Hit:                                            100.00%        100          -                      
#     Coverpoint cp_distance                            100.00%        100          -    Covered              
#         covered/total bins:                                 2          2          -                      
#         missing/total bins:                                 0          2          -                      
#         % Hit:                                        100.00%        100          -                      
#         bin immediate                                      90          1          -    Covered              
#         bin one_instruction_gap                            18          1          -    Covered              
# 
# COVERGROUP COVERAGE:
# ----------------------------------------------------------------------------------------------------------
# Covergroup                                             Metric       Goal       Bins    Status               
#                                                                                                          
# ----------------------------------------------------------------------------------------------------------
#  TYPE /mips_coverage_pkg/mips_functional_coverage/instruction_cg 
#                                                       100.00%        100          -    Covered              
#     covered/total bins:                                    17         17          -                      
#     missing/total bins:                                     0         17          -                      
#     % Hit:                                            100.00%        100          -                      
#     Coverpoint cp_kind                                100.00%        100          -    Covered              
#         covered/total bins:                                17         17          -                      
#         missing/total bins:                                 0         17          -                      
#         % Hit:                                        100.00%        100          -                      
#         bin kinds[0]                                      591          1          -    Covered              
#         bin kinds[1]                                       19          1          -    Covered              
#         bin kinds[2]                                       22          1          -    Covered              
#         bin kinds[3]                                      231          1          -    Covered              
#         bin kinds[4]                                      122          1          -    Covered              
#         bin kinds[5]                                       90          1          -    Covered              
#         bin kinds[6]                                       17          1          -    Covered              
#         bin kinds[7]                                       23          1          -    Covered              
#         bin kinds[8]                                       42          1          -    Covered              
#         bin kinds[9]                                       32          1          -    Covered              
#         bin kinds[10]                                      59          1          -    Covered              
#         bin kinds[11]                                      28          1          -    Covered              
#         bin kinds[12]                                     250          1          -    Covered              
#         bin kinds[13]                                      21          1          -    Covered              
#         bin kinds[14]                                      30          1          -    Covered              
#         bin kinds[15]                                      32          1          -    Covered              
#         bin kinds[16]                                      13          1          -    Covered              
#  Covergroup instance instructions                     100.00%        100          -    Covered              
#     covered/total bins:                                    17         17          -                      
#     missing/total bins:                                     0         17          -                      
#     % Hit:                                            100.00%        100          -                      
#     Coverpoint cp_kind                                100.00%        100          -    Covered              
#         covered/total bins:                                17         17          -                      
#         missing/total bins:                                 0         17          -                      
#         % Hit:                                        100.00%        100          -                      
#         bin kinds[0]                                      591          1          -    Covered              
#         bin kinds[1]                                       19          1          -    Covered              
#         bin kinds[2]                                       22          1          -    Covered              
#         bin kinds[3]                                      231          1          -    Covered              
#         bin kinds[4]                                      122          1          -    Covered              
#         bin kinds[5]                                       90          1          -    Covered              
#         bin kinds[6]                                       17          1          -    Covered              
#         bin kinds[7]                                       23          1          -    Covered              
#         bin kinds[8]                                       42          1          -    Covered              
#         bin kinds[9]                                       32          1          -    Covered              
#         bin kinds[10]                                      59          1          -    Covered              
#         bin kinds[11]                                      28          1          -    Covered              
#         bin kinds[12]                                     250          1          -    Covered              
#         bin kinds[13]                                      21          1          -    Covered              
#         bin kinds[14]                                      30          1          -    Covered              
#         bin kinds[15]                                      32          1          -    Covered              
#         bin kinds[16]                                      13          1          -    Covered              
#  TYPE /mips_coverage_pkg/mips_functional_coverage/immediate_cg 
#                                                       100.00%        100          -    Covered              
#     covered/total bins:                                     6          6          -                      
#     missing/total bins:                                     0          6          -                      
#     % Hit:                                            100.00%        100          -                      
#     Coverpoint cp_value                               100.00%        100          -    Covered              
#         covered/total bins:                                 6          6          -                      
#         missing/total bins:                                 0          6          -                      
#         % Hit:                                        100.00%        100          -                      
#         bin zero                                           56          1          -    Covered              
#         bin one                                            86          1          -    Covered              
#         bin max_positive                                   70          1          -    Covered              
#         bin min_negative                                   57          1          -    Covered              
#         bin all_ones                                       88          1          -    Covered              
#         bin other                                         275          1          -    Covered              
#  Covergroup instance immediates                       100.00%        100          -    Covered              
#     covered/total bins:                                     6          6          -                      
#     missing/total bins:                                     0          6          -                      
#     % Hit:                                            100.00%        100          -                      
#     Coverpoint cp_value                               100.00%        100          -    Covered              
#         covered/total bins:                                 6          6          -                      
#         missing/total bins:                                 0          6          -                      
#         % Hit:                                        100.00%        100          -                      
#         bin zero                                           56          1          -    Covered              
#         bin one                                            86          1          -    Covered              
#         bin max_positive                                   70          1          -    Covered              
#         bin min_negative                                   57          1          -    Covered              
#         bin all_ones                                       88          1          -    Covered              
#         bin other                                         275          1          -    Covered              
#  TYPE /mips_coverage_pkg/mips_functional_coverage/shift_cg 
#                                                       100.00%        100          -    Covered              
#     covered/total bins:                                    11         11          -                      
#     missing/total bins:                                     0         11          -                      
#     % Hit:                                            100.00%        100          -                      
#     Coverpoint cp_operation                           100.00%        100          -    Covered              
#         covered/total bins:                                 2          2          -                      
#         missing/total bins:                                 0          2          -                      
#         % Hit:                                        100.00%        100          -                      
#         bin sll                                           250          1          -    Covered              
#         bin srl                                            21          1          -    Covered              
#     Coverpoint cp_amount                              100.00%        100          -    Covered              
#         covered/total bins:                                 3          3          -                      
#         missing/total bins:                                 0          3          -                      
#         % Hit:                                        100.00%        100          -                      
#         bin zero                                          226          1          -    Covered              
#         bin middle                                         34          1          -    Covered              
#         bin thirty_one                                     11          1          -    Covered              
#     Cross operation_x_amount                          100.00%        100          -    Covered              
#         covered/total bins:                                 6          6          -                      
#         missing/total bins:                                 0          6          -                      
#         % Hit:                                        100.00%        100          -                      
#         Auto, Default and User Defined Bins:
#             bin <srl,thirty_one>                            4          1          -    Covered              
#             bin <sll,thirty_one>                            7          1          -    Covered              
#             bin <srl,middle>                               13          1          -    Covered              
#             bin <sll,middle>                               21          1          -    Covered              
#             bin <srl,zero>                                  4          1          -    Covered              
#             bin <sll,zero>                                222          1          -    Covered              
#  Covergroup instance shifts                           100.00%        100          -    Covered              
#     covered/total bins:                                    11         11          -                      
#     missing/total bins:                                     0         11          -                      
#     % Hit:                                            100.00%        100          -                      
#     Coverpoint cp_operation                           100.00%        100          -    Covered              
#         covered/total bins:                                 2          2          -                      
#         missing/total bins:                                 0          2          -                      
#         % Hit:                                        100.00%        100          -                      
#         bin sll                                           250          1          -    Covered              
#         bin srl                                            21          1          -    Covered              
#     Coverpoint cp_amount                              100.00%        100          -    Covered              
#         covered/total bins:                                 3          3          -                      
#         missing/total bins:                                 0          3          -                      
#         % Hit:                                        100.00%        100          -                      
#         bin zero                                          226          1          -    Covered              
#         bin middle                                         34          1          -    Covered              
#         bin thirty_one                                     11          1          -    Covered              
#     Cross operation_x_amount                          100.00%        100          -    Covered              
#         covered/total bins:                                 6          6          -                      
#         missing/total bins:                                 0          6          -                      
#         % Hit:                                        100.00%        100          -                      
#         Auto, Default and User Defined Bins:
#             bin <srl,thirty_one>                            4          1          -    Covered              
#             bin <sll,thirty_one>                            7          1          -    Covered              
#             bin <srl,middle>                               13          1          -    Covered              
#             bin <sll,middle>                               21          1          -    Covered              
#             bin <srl,zero>                                  4          1          -    Covered              
#             bin <sll,zero>                                222          1          -    Covered              
#  TYPE /mips_coverage_pkg/mips_functional_coverage/destination_cg 
#                                                       100.00%        100          -    Covered              
#     covered/total bins:                                     2          2          -                      
#     missing/total bins:                                     0          2          -                      
#     % Hit:                                            100.00%        100          -                      
#     Coverpoint cp_destination                         100.00%        100          -    Covered              
#         covered/total bins:                                 2          2          -                      
#         missing/total bins:                                 0          2          -                      
#         % Hit:                                        100.00%        100          -                      
#         bin nonzero                                      1077          1          -    Covered              
#         bin zero                                          239          1          -    Covered              
#  Covergroup instance destinations                     100.00%        100          -    Covered              
#     covered/total bins:                                     2          2          -                      
#     missing/total bins:                                     0          2          -                      
#     % Hit:                                            100.00%        100          -                      
#     Coverpoint cp_destination                         100.00%        100          -    Covered              
#         covered/total bins:                                 2          2          -                      
#         missing/total bins:                                 0          2          -                      
#         % Hit:                                        100.00%        100          -                      
#         bin nonzero                                      1077          1          -    Covered              
#         bin zero                                          239          1          -    Covered              
#  TYPE /mips_coverage_pkg/mips_functional_coverage/memory_cg 
#                                                       100.00%        100          -    Covered              
#     covered/total bins:                                    20         20          -                      
#     missing/total bins:                                     0         20          -                      
#     % Hit:                                            100.00%        100          -                      
#     Coverpoint cp_operation                           100.00%        100          -    Covered              
#         covered/total bins:                                 2          2          -                      
#         missing/total bins:                                 0          2          -                      
#         % Hit:                                        100.00%        100          -                      
#         bin lw                                            122          1          -    Covered              
#         bin sw                                            231          1          -    Covered              
#     Coverpoint cp_address                             100.00%        100          -    Covered              
#         covered/total bins:                                 3          3          -                      
#         missing/total bins:                                 0          3          -                      
#         % Hit:                                        100.00%        100          -                      
#         bin first                                          14          1          -    Covered              
#         bin interior                                      320          1          -    Covered              
#         bin last                                           19          1          -    Covered              
#     Coverpoint cp_offset                              100.00%        100          -    Covered              
#         covered/total bins:                                 3          3          -                      
#         missing/total bins:                                 0          3          -                      
#         % Hit:                                        100.00%        100          -                      
#         bin negative                                      140          1          -    Covered              
#         bin zero                                           14          1          -    Covered              
#         bin positive                                      199          1          -    Covered              
#     Cross operation_x_address                         100.00%        100          -    Covered              
#         covered/total bins:                                 6          6          -                      
#         missing/total bins:                                 0          6          -                      
#         % Hit:                                        100.00%        100          -                      
#         Auto, Default and User Defined Bins:
#             bin <sw,last>                                  10          1          -    Covered              
#             bin <lw,last>                                   9          1          -    Covered              
#             bin <sw,first>                                  8          1          -    Covered              
#             bin <lw,first>                                  6          1          -    Covered              
#             bin <sw,interior>                             213          1          -    Covered              
#             bin <lw,interior>                             107          1          -    Covered              
#     Cross operation_x_offset                          100.00%        100          -    Covered              
#         covered/total bins:                                 6          6          -                      
#         missing/total bins:                                 0          6          -                      
#         % Hit:                                        100.00%        100          -                      
#         Auto, Default and User Defined Bins:
#             bin <sw,positive>                             143          1          -    Covered              
#             bin <lw,positive>                              56          1          -    Covered              
#             bin <sw,zero>                                   7          1          -    Covered              
#             bin <lw,zero>                                   7          1          -    Covered              
#             bin <sw,negative>                              81          1          -    Covered              
#             bin <lw,negative>                              59          1          -    Covered              
#  Covergroup instance memory                           100.00%        100          -    Covered              
#     covered/total bins:                                    20         20          -                      
#     missing/total bins:                                     0         20          -                      
#     % Hit:                                            100.00%        100          -                      
#     Coverpoint cp_operation                           100.00%        100          -    Covered              
#         covered/total bins:                                 2          2          -                      
#         missing/total bins:                                 0          2          -                      
#         % Hit:                                        100.00%        100          -                      
#         bin lw                                            122          1          -    Covered              
#         bin sw                                            231          1          -    Covered              
#     Coverpoint cp_address                             100.00%        100          -    Covered              
#         covered/total bins:                                 3          3          -                      
#         missing/total bins:                                 0          3          -                      
#         % Hit:                                        100.00%        100          -                      
#         bin first                                          14          1          -    Covered              
#         bin interior                                      320          1          -    Covered              
#         bin last                                           19          1          -    Covered              
#     Coverpoint cp_offset                              100.00%        100          -    Covered              
#         covered/total bins:                                 3          3          -                      
#         missing/total bins:                                 0          3          -                      
#         % Hit:                                        100.00%        100          -                      
#         bin negative                                      140          1          -    Covered              
#         bin zero                                           14          1          -    Covered              
#         bin positive                                      199          1          -    Covered              
#     Cross operation_x_address                         100.00%        100          -    Covered              
#         covered/total bins:                                 6          6          -                      
#         missing/total bins:                                 0          6          -                      
#         % Hit:                                        100.00%        100          -                      
#         Auto, Default and User Defined Bins:
#             bin <sw,last>                                  10          1          -    Covered              
#             bin <lw,last>                                   9          1          -    Covered              
#             bin <sw,first>                                  8          1          -    Covered              
#             bin <lw,first>                                  6          1          -    Covered              
#             bin <sw,interior>                             213          1          -    Covered              
#             bin <lw,interior>                             107          1          -    Covered              
#     Cross operation_x_offset                          100.00%        100          -    Covered              
#         covered/total bins:                                 6          6          -                      
#         missing/total bins:                                 0          6          -                      
#         % Hit:                                        100.00%        100          -                      
#         Auto, Default and User Defined Bins:
#             bin <sw,positive>                             143          1          -    Covered              
#             bin <lw,positive>                              56          1          -    Covered              
#             bin <sw,zero>                                   7          1          -    Covered              
#             bin <lw,zero>                                   7          1          -    Covered              
#             bin <sw,negative>                              81          1          -    Covered              
#             bin <lw,negative>                              59          1          -    Covered              
#  TYPE /mips_coverage_pkg/mips_functional_coverage/load_destination_cg 
#                                                       100.00%        100          -    Covered              
#     covered/total bins:                                     2          2          -                      
#     missing/total bins:                                     0          2          -                      
#     % Hit:                                            100.00%        100          -                      
#     Coverpoint cp_destination                         100.00%        100          -    Covered              
#         covered/total bins:                                 2          2          -                      
#         missing/total bins:                                 0          2          -                      
#         % Hit:                                        100.00%        100          -                      
#         bin nonzero                                       109          1          -    Covered              
#         bin zero                                           13          1          -    Covered              
#  Covergroup instance load_destinations                100.00%        100          -    Covered              
#     covered/total bins:                                     2          2          -                      
#     missing/total bins:                                     0          2          -                      
#     % Hit:                                            100.00%        100          -                      
#     Coverpoint cp_destination                         100.00%        100          -    Covered              
#         covered/total bins:                                 2          2          -                      
#         missing/total bins:                                 0          2          -                      
#         % Hit:                                        100.00%        100          -                      
#         bin nonzero                                       109          1          -    Covered              
#         bin zero                                           13          1          -    Covered              
#  TYPE /mips_coverage_pkg/mips_functional_coverage/branch_cg 
#                                                       100.00%        100          -    Covered              
#     covered/total bins:                                    10         10          -                      
#     missing/total bins:                                     0         10          -                      
#     % Hit:                                            100.00%        100          -                      
#     Coverpoint cp_operation                           100.00%        100          -    Covered              
#         covered/total bins:                                 2          2          -                      
#         missing/total bins:                                 0          2          -                      
#         % Hit:                                        100.00%        100          -                      
#         bin beq                                            30          1          -    Covered              
#         bin bne                                            32          1          -    Covered              
#     Coverpoint cp_taken                               100.00%        100          -    Covered              
#         covered/total bins:                                 2          2          -                      
#         missing/total bins:                                 0          2          -                      
#         % Hit:                                        100.00%        100          -                      
#         bin not_taken                                      23          1          -    Covered              
#         bin taken                                          39          1          -    Covered              
#     Coverpoint cp_direction                           100.00%        100          -    Covered              
#         covered/total bins:                                 2          2          -                      
#         missing/total bins:                                 0          2          -                      
#         % Hit:                                        100.00%        100          -                      
#         bin forward_or_zero                                42          1          -    Covered              
#         bin backward                                       20          1          -    Covered              
#     Cross operation_x_outcome                         100.00%        100          -    Covered              
#         covered/total bins:                                 4          4          -                      
#         missing/total bins:                                 0          4          -                      
#         % Hit:                                        100.00%        100          -                      
#         Auto, Default and User Defined Bins:
#             bin <bne,taken>                                19          1          -    Covered              
#             bin <beq,taken>                                20          1          -    Covered              
#             bin <bne,not_taken>                            13          1          -    Covered              
#             bin <beq,not_taken>                            10          1          -    Covered              
#  Covergroup instance branches                         100.00%        100          -    Covered              
#     covered/total bins:                                    10         10          -                      
#     missing/total bins:                                     0         10          -                      
#     % Hit:                                            100.00%        100          -                      
#     Coverpoint cp_operation                           100.00%        100          -    Covered              
#         covered/total bins:                                 2          2          -                      
#         missing/total bins:                                 0          2          -                      
#         % Hit:                                        100.00%        100          -                      
#         bin beq                                            30          1          -    Covered              
#         bin bne                                            32          1          -    Covered              
#     Coverpoint cp_taken                               100.00%        100          -    Covered              
#         covered/total bins:                                 2          2          -                      
#         missing/total bins:                                 0          2          -                      
#         % Hit:                                        100.00%        100          -                      
#         bin not_taken                                      23          1          -    Covered              
#         bin taken                                          39          1          -    Covered              
#     Coverpoint cp_direction                           100.00%        100          -    Covered              
#         covered/total bins:                                 2          2          -                      
#         missing/total bins:                                 0          2          -                      
#         % Hit:                                        100.00%        100          -                      
#         bin forward_or_zero                                42          1          -    Covered              
#         bin backward                                       20          1          -    Covered              
#     Cross operation_x_outcome                         100.00%        100          -    Covered              
#         covered/total bins:                                 4          4          -                      
#         missing/total bins:                                 0          4          -                      
#         % Hit:                                        100.00%        100          -                      
#         Auto, Default and User Defined Bins:
#             bin <bne,taken>                                19          1          -    Covered              
#             bin <beq,taken>                                20          1          -    Covered              
#             bin <bne,not_taken>                            13          1          -    Covered              
#             bin <beq,not_taken>                            10          1          -    Covered              
#  TYPE /mips_coverage_pkg/mips_functional_coverage/jump_cg 
#                                                       100.00%        100          -    Covered              
#     covered/total bins:                                     2          2          -                      
#     missing/total bins:                                     0          2          -                      
#     % Hit:                                            100.00%        100          -                      
#     Coverpoint cp_jump                                100.00%        100          -    Covered              
#         covered/total bins:                                 2          2          -                      
#         missing/total bins:                                 0          2          -                      
#         % Hit:                                        100.00%        100          -                      
#         bin accepted                                       13          1          -    Covered              
#         bin cancelled_by_branch                             6          1          -    Covered              
#  Covergroup instance jumps                            100.00%        100          -    Covered              
#     covered/total bins:                                     2          2          -                      
#     missing/total bins:                                     0          2          -                      
#     % Hit:                                            100.00%        100          -                      
#     Coverpoint cp_jump                                100.00%        100          -    Covered              
#         covered/total bins:                                 2          2          -                      
#         missing/total bins:                                 0          2          -                      
#         % Hit:                                        100.00%        100          -                      
#         bin accepted                                       13          1          -    Covered              
#         bin cancelled_by_branch                             6          1          -    Covered              
#  TYPE /mips_coverage_pkg/mips_functional_coverage/hazard_cg 
#                                                       100.00%        100          -    Covered              
#     covered/total bins:                                     3          3          -                      
#     missing/total bins:                                     0          3          -                      
#     % Hit:                                            100.00%        100          -                      
#     Coverpoint cp_consumer                            100.00%        100          -    Covered              
#         covered/total bins:                                 3          3          -                      
#         missing/total bins:                                 0          3          -                      
#         % Hit:                                        100.00%        100          -                      
#         bin alu                                            54          1          -    Covered              
#         bin store_data                                     30          1          -    Covered              
#         bin branch                                          6          1          -    Covered              
#  Covergroup instance load_use_hazards                 100.00%        100          -    Covered              
#     covered/total bins:                                     3          3          -                      
#     missing/total bins:                                     0          3          -                      
#     % Hit:                                            100.00%        100          -                      
#     Coverpoint cp_consumer                            100.00%        100          -    Covered              
#         covered/total bins:                                 3          3          -                      
#         missing/total bins:                                 0          3          -                      
#         % Hit:                                        100.00%        100          -                      
#         bin alu                                            54          1          -    Covered              
#         bin store_data                                     30          1          -    Covered              
#         bin branch                                          6          1          -    Covered              
#  TYPE /mips_coverage_pkg/mips_functional_coverage/forwarding_cg 
#                                                       100.00%        100          -    Covered              
#     covered/total bins:                                    11         11          -                      
#     missing/total bins:                                     0         11          -                      
#     % Hit:                                            100.00%        100          -                      
#     Coverpoint cp_operand                             100.00%        100          -    Covered              
#         covered/total bins:                                 2          2          -                      
#         missing/total bins:                                 0          2          -                      
#         % Hit:                                        100.00%        100          -                      
#         bin a                                            1338          1          -    Covered              
#         bin b                                             855          1          -    Covered              
#     Coverpoint cp_source                              100.00%        100          -    Covered              
#         covered/total bins:                                 3          3          -                      
#         missing/total bins:                                 0          3          -                      
#         % Hit:                                        100.00%        100          -                      
#         bin register_file                                1835          1          -    Covered              
#         bin ex_mem                                        195          1          -    Covered              
#         bin mem_wb                                        163          1          -    Covered              
#     Cross operand_x_source                            100.00%        100          -    Covered              
#         covered/total bins:                                 6          6          -                      
#         missing/total bins:                                 0          6          -                      
#         % Hit:                                        100.00%        100          -                      
#         Auto, Default and User Defined Bins:
#             bin <b,mem_wb>                                 55          1          -    Covered              
#             bin <a,mem_wb>                                108          1          -    Covered              
#             bin <b,ex_mem>                                157          1          -    Covered              
#             bin <a,ex_mem>                                 38          1          -    Covered              
#             bin <b,register_file>                         643          1          -    Covered              
#             bin <a,register_file>                        1192          1          -    Covered              
#  Covergroup instance forwarding                       100.00%        100          -    Covered              
#     covered/total bins:                                    11         11          -                      
#     missing/total bins:                                     0         11          -                      
#     % Hit:                                            100.00%        100          -                      
#     Coverpoint cp_operand                             100.00%        100          -    Covered              
#         covered/total bins:                                 2          2          -                      
#         missing/total bins:                                 0          2          -                      
#         % Hit:                                        100.00%        100          -                      
#         bin a                                            1338          1          -    Covered              
#         bin b                                             855          1          -    Covered              
#     Coverpoint cp_source                              100.00%        100          -    Covered              
#         covered/total bins:                                 3          3          -                      
#         missing/total bins:                                 0          3          -                      
#         % Hit:                                        100.00%        100          -                      
#         bin register_file                                1835          1          -    Covered              
#         bin ex_mem                                        195          1          -    Covered              
#         bin mem_wb                                        163          1          -    Covered              
#     Cross operand_x_source                            100.00%        100          -    Covered              
#         covered/total bins:                                 6          6          -                      
#         missing/total bins:                                 0          6          -                      
#         % Hit:                                        100.00%        100          -                      
#         Auto, Default and User Defined Bins:
#             bin <b,mem_wb>                                 55          1          -    Covered              
#             bin <a,mem_wb>                                108          1          -    Covered              
#             bin <b,ex_mem>                                157          1          -    Covered              
#             bin <a,ex_mem>                                 38          1          -    Covered              
#             bin <b,register_file>                         643          1          -    Covered              
#             bin <a,register_file>                        1192          1          -    Covered              
#  TYPE /mips_coverage_pkg/mips_functional_coverage/load_distance_cg 
#                                                       100.00%        100          -    Covered              
#     covered/total bins:                                     2          2          -                      
#     missing/total bins:                                     0          2          -                      
#     % Hit:                                            100.00%        100          -                      
#     Coverpoint cp_distance                            100.00%        100          -    Covered              
#         covered/total bins:                                 2          2          -                      
#         missing/total bins:                                 0          2          -                      
#         % Hit:                                        100.00%        100          -                      
#         bin immediate                                      90          1          -    Covered              
#         bin one_instruction_gap                            18          1          -    Covered              
#  Covergroup instance load_distances                   100.00%        100          -    Covered              
#     covered/total bins:                                     2          2          -                      
#     missing/total bins:                                     0          2          -                      
#     % Hit:                                            100.00%        100          -                      
#     Coverpoint cp_distance                            100.00%        100          -    Covered              
#         covered/total bins:                                 2          2          -                      
#         missing/total bins:                                 0          2          -                      
#         % Hit:                                        100.00%        100          -                      
#         bin immediate                                      90          1          -    Covered              
#         bin one_instruction_gap                            18          1          -    Covered              
# 
# TOTAL COVERGROUP COVERAGE: 100.00%  COVERGROUP TYPES: 11
# 
# Total Coverage By Instance (filtered view): 100.00%
# 
# End time: 15:00:29 on Oct 09,2026, Elapsed time: 0:00:00
# Errors: 0, Warnings: 0
# set channel [open $native_report w]
# file13
# puts $channel $report_output
# close $channel
# echo "FUNCTIONAL COVERAGE FILES: $merged_database $native_report $plan_report"
# FUNCTIONAL COVERAGE FILES: /home/s23521611/project/mips/mips_school/tb/functional_coverage_run/mips_functional_merged.ucdb /home/s23521611/project/mips/mips_school/tb/functional_coverage_run/functional_coverage_report.txt /home/s23521611/project/mips/mips_school/tb/functional_coverage_run/coverage_plan.txt
# if {$coverage_plan_hit == $coverage_plan_total} {
#     echo "FUNCTIONAL COVERAGE PLAN CLOSED: all 64 planned bins hit; scope is this initial plan"
# } else {
#     echo "FUNCTIONAL COVERAGE GAPS: [expr {$coverage_plan_total - $coverage_plan_hit}] planned bins need additional stimulus"
#     if {$coverage_require_full} {error "Functional coverage plan is not closed"}
# }
# FUNCTIONAL COVERAGE PLAN CLOSED: all 64 planned bins hit; scope is this initial plan
# echo "FUNCTIONAL COVERAGE RUN COMPLETE: regression passed and UCDB/text reports saved"
# FUNCTIONAL COVERAGE RUN COMPLETE: regression passed and UCDB/text reports saved
